﻿order_id,order_datetime,asin_url,deal_id,deal_type,is_seller_promotion,prime_access_type,waitlisted,classification
702-3232759-7553057,2019-10-12 18:19:20,,7a6d120a,BEST_DEAL,N,,N,SLAPPED
702-1676557-0413041,2019-07-15 12:43:15,,bc0bd69d,BEST_DEAL,N,,N,VSS
702-7754348-3441807,2019-03-03 19:37:27,,78766832,BEST_DEAL,N,,N,SLAPPED
702-0748875-4135441,2019-08-11 20:17:12,,94aa77d9,BEST_DEAL,N,,N,SLAPPED
702-0748875-4135441,2019-08-11 20:17:12,,94aa77d9,BEST_DEAL,N,,N,SLAPPED
702-4701485-7820266,2019-07-09 20:43:41,,94aa77d9,BEST_DEAL,N,,N,SLAPPED
702-4731594-1851456,2020-12-19 16:51:44,,fa28474e,BEST_DEAL,N,,N,DOM
702-0753448-8953058,2020-08-19 20:18:32,,def1f75f,BEST_DEAL,Y,,N,BRAND BUILDER
702-3791951-4141066,2020-01-15 22:43:56,,e7f56efb,BEST_DEAL,N,,N,SLAPPED
