﻿"Marketplace","ReversalID","OrderID","CreationDate","Quantity","Currency","ReversalStatus","ReversalAmountState","ReversalReason","DirectDebitRefund"
"Amazon.com","95CtmexRQmOajeLnTBM/qg","103-6928701-6721039","2011-03-27 08:20 UTC","1","USD","Completed","Final","Export fee reduced","0"
"Amazon.ca","EQlmRkuqQByGaACvqVOHKQ","702-5048310-1681811","2017-11-30 09:49 UTC","1","CAD","Completed","Final","Account adjustment","0"
"Amazon.ca","rKT0sc6vQeerl2Dr334U+Q","701-1480811-4163400","2018-02-27 14:10 UTC","1","CAD","Completed","Final","Order cancelled","0"
"Amazon.ca","GEn87sZnR4CPUvc4p1HrXg","702-5524367-9290654","2019-10-09 19:57 UTC","1","CAD","Completed","Final","Customer return","0"
