"OrderId","ContractId","DateOfReturn","ReturnAmount","ReturnAmountCurrency","ReturnReason","Resolution"
"702-5048310-1681811","a3bacefa-6727-4ae0-aa3a-e5999c0b04ed","Mon, 23 Oct 2017 20:45:19 UTC","No Refund","Nil","Defective/Does not work properly","Exchange"
"702-5830822-7334625","b83730a3-9f95-4086-8958-f8b5c6ae6cf2","Sun, 01 Mar 2020 21:48:31 UTC","No Refund","Nil","Incompatible or not useful for intended purpose","Refund"
"702-7877203-2062644","0acdc475-b953-4462-bfe2-20fbb697ab3d","Thu, 26 Oct 2017 17:55:35 UTC","No Refund","Nil","Defective/Does not work properly","Refund"
"702-5048310-1681811","1ee89a5e-5376-4cc1-b596-8365daef4bbe","Mon, 23 Oct 2017 21:34:36 UTC","No Refund","Nil","Defective/Does not work properly","Exchange"
"702-5524367-9290654","3ba65916-45f9-4db0-bdc2-aaff4988ed3e","Sat, 14 Sep 2019 00:20:19 UTC","33.99","CAD","Too small","Refund"
