﻿"OrderID","ReversalID","CompletionDate","Currency","AmountRefunded","Status","DisbursementType"
"103-6928701-6721039","95CtmexRQmOajeLnTBM/qg","2011-03-27 11:06 UTC","USD","16.68","Completed","Refund"
"701-1480811-4163400","rKT0sc6vQeerl2Dr334U+Q","2018-02-27 16:38 UTC","CAD","21.97","Completed","Refund"
"702-5524367-9290654","GEn87sZnR4CPUvc4p1HrXg","2019-10-09 22:43 UTC","CAD","33.99","Completed","Refund"
"702-5048310-1681811","EQlmRkuqQByGaACvqVOHKQ","2017-11-30 12:46 UTC","CAD","272.99","Completed","Refund"
