﻿DigitalOrderItemId,DeliveryPacketId,AffectedItemQuantity,TransactionAmount,BaseCurrencyCode,ClaimCode,FXTransactionAmount,FXCurrencyCode,MonetaryComponentTypeCode,OfferTypeCode
8BI4KETOV9BPL9CRJNO025R1CCEANPK4FEGSCO9CFL70TIC7V5FG,MKV4FAH3VVGUPLBBENDSCQFPSBQEEO6QL6920I9HOO3N8T4FCB10,1,0.3,CAD,N/A,N/A,N/A,Tax,N/A
8BI4KETOV9BPL9CRJNO025R1CCEANPK4FEGSCO9CFL70TIC7V5FG,MKV4FAH3VVGUPLBBENDSCQFPSBQEEO6QL6920I9HOO3N8T4FCB10,1,5.99,CAD,N/A,N/A,N/A,Price Amount,N/A
HT5BB8F5C093SGR9FDLG7LH3IO99V4HE8NFDBSTO65BCLK767CSG,3F2TMFML38O0G2VL18QVA535UFPUU5ED4NMEM1NC7LK976NVD3B0,1,79.0,CAD,N/A,N/A,N/A,Price Amount,N/A
HT5BB8F5C093SGR9FDLG7LH3IO99V4HE8NFDBSTO65BCLK767CSG,3F2TMFML38O0G2VL18QVA535UFPUU5ED4NMEM1NC7LK976NVD3B0,1,3.95,CAD,N/A,N/A,N/A,Tax,N/A
CNCIJKJEJHA1DP7EG7V2H4715JD1NO0A9DF6POLUI48FG42APSCG,KHMO12UMTM8C73QDH8MLSJRBKLPNFB0JUHI474QGT6UU4ECJGDIG,1,0.0,CAD,N/A,N/A,N/A,Tax,N/A
CNCIJKJEJHA1DP7EG7V2H4715JD1NO0A9DF6POLUI48FG42APSCG,KHMO12UMTM8C73QDH8MLSJRBKLPNFB0JUHI474QGT6UU4ECJGDIG,1,0.0,CAD,N/A,N/A,N/A,Price Amount,N/A
R76R4NRSQLT0ESNK2K6QPE8S1OHO8SVDVIDGKOS9AKM6G2IFP1CG,PAVFOV1R69SQC2UATUCKFGE4O55K15SF4S0IAQOSHF9FEFC4270G,1,0.0,CAD,N/A,N/A,N/A,Tax,N/A
R76R4NRSQLT0ESNK2K6QPE8S1OHO8SVDVIDGKOS9AKM6G2IFP1CG,PAVFOV1R69SQC2UATUCKFGE4O55K15SF4S0IAQOSHF9FEFC4270G,1,2.99,CAD,N/A,N/A,N/A,Price Amount,N/A
EDLVDQBQ1M9DI8VRL9H4IIQCKI7SHDNG39MROTUJBDNKJ95HHTLG,T71RK3K0LTRTA2D2A3H9A73HG8OI0DGEEPFT9QFFEN4L37968AN0,1,3.95,CAD,N/A,N/A,N/A,Tax,N/A
EDLVDQBQ1M9DI8VRL9H4IIQCKI7SHDNG39MROTUJBDNKJ95HHTLG,T71RK3K0LTRTA2D2A3H9A73HG8OI0DGEEPFT9QFFEN4L37968AN0,1,79.0,CAD,N/A,N/A,N/A,Price Amount,N/A
5VCPSGGKA7Q24H712CER00OGN905L39DS9I7IH748Q9RE66MVONG,KRSE4SMVU79UNMJAF3UHEA9QC7DBUFO9INUP74PROAGQ4KR0SQA0,1,0.0,CAD,N/A,N/A,N/A,Tax,N/A
5VCPSGGKA7Q24H712CER00OGN905L39DS9I7IH748Q9RE66MVONG,KRSE4SMVU79UNMJAF3UHEA9QC7DBUFO9INUP74PROAGQ4KR0SQA0,1,0.0,CAD,N/A,N/A,N/A,Price Amount,N/A
LABBM1D5GJHGB4UIPV6OFNUA9OEU4R8O2M2OI9RGK06IGQ7RFQBG,9JQKAG22M9EQIAO4QN35FDC4JVFAP6TG0UL29OCP2TR1PTR0PH50,1,0.0,CAD,N/A,N/A,N/A,Tax,N/A
LABBM1D5GJHGB4UIPV6OFNUA9OEU4R8O2M2OI9RGK06IGQ7RFQBG,9JQKAG22M9EQIAO4QN35FDC4JVFAP6TG0UL29OCP2TR1PTR0PH50,1,0.0,CAD,N/A,N/A,N/A,Price Amount,N/A
6U3CR61Q4J667L4G7PE4NF3FDQ7QLF86J14KF0S8GD0G3LP79V50,M4H0151S120RV1T0IUQAQSDJUAAK4HGRMLVUT16D5NOSN0BINDMG,1,0.0,CAD,N/A,N/A,N/A,Tax,N/A
6U3CR61Q4J667L4G7PE4NF3FDQ7QLF86J14KF0S8GD0G3LP79V50,M4H0151S120RV1T0IUQAQSDJUAAK4HGRMLVUT16D5NOSN0BINDMG,1,0.0,CAD,N/A,N/A,N/A,Price Amount,N/A
12G2TKUJS7Q01NSHLHULPOORJUA3C40LP9MG175O12QD13FJ37OG,0G47MBGJL67BMS4J942V6DH8FP34QN4B86DVGOTLA95CMH63VM50,1,0.0,CAD,N/A,N/A,N/A,Price Amount,N/A
12G2TKUJS7Q01NSHLHULPOORJUA3C40LP9MG175O12QD13FJ37OG,0G47MBGJL67BMS4J942V6DH8FP34QN4B86DVGOTLA95CMH63VM50,1,0.0,CAD,N/A,N/A,N/A,Tax,N/A
UB61DHUSQT36PB87QV7LJ06P3LP6E7AU0OCOJ3DGH6BHPQ1BFA0G,0G47MBGJL67BMS4J942V6DH8FP34QN4B86DVGOTLA95CMH63VM50,1,0.0,CAD,N/A,N/A,N/A,Tax,N/A
UB61DHUSQT36PB87QV7LJ06P3LP6E7AU0OCOJ3DGH6BHPQ1BFA0G,0G47MBGJL67BMS4J942V6DH8FP34QN4B86DVGOTLA95CMH63VM50,1,0.0,CAD,N/A,N/A,N/A,Price Amount,N/A
3MA1M3PBN0EIFAA09DJP92SCHRE43045RU86R2DCSE8FLDUENVHG,0G47MBGJL67BMS4J942V6DH8FP34QN4B86DVGOTLA95CMH63VM50,1,0.0,CAD,N/A,N/A,N/A,Price Amount,N/A
3MA1M3PBN0EIFAA09DJP92SCHRE43045RU86R2DCSE8FLDUENVHG,0G47MBGJL67BMS4J942V6DH8FP34QN4B86DVGOTLA95CMH63VM50,1,0.0,CAD,N/A,N/A,N/A,Tax,N/A
R8RV9AK5C6H1P5EGB5K11JVRCFHQB8LLIF3QPFVF75338OKGCI0G,J27HE1TBQMBS35157A37B7JCDQ2DEAIAKGVJE4BHIL2HDHOC3MSG,1,3.95,CAD,N/A,N/A,N/A,Tax,N/A
R8RV9AK5C6H1P5EGB5K11JVRCFHQB8LLIF3QPFVF75338OKGCI0G,J27HE1TBQMBS35157A37B7JCDQ2DEAIAKGVJE4BHIL2HDHOC3MSG,1,79.0,CAD,N/A,N/A,N/A,Price Amount,N/A
COHC9QBPVI1NQ5PIU2K5VT1C645HNIJI2TPH01DPHVIT6H135D3G,75QMB0M6S0GBBOUDDF59GVF5KVS2TSR9SJ3TB03A651SKJ3PIKR0,1,0.0,CAD,N/A,N/A,N/A,Price Amount,N/A
COHC9QBPVI1NQ5PIU2K5VT1C645HNIJI2TPH01DPHVIT6H135D3G,75QMB0M6S0GBBOUDDF59GVF5KVS2TSR9SJ3TB03A651SKJ3PIKR0,1,0.0,CAD,N/A,N/A,N/A,Tax,N/A
MD0HAA58T864QGCMOH71AP2P4VE5SEH0H43449QC9MKH0AAS9VNG,C1VQ6SJQ2K7JSPCQ5QIA1N8REGKL8B0GCVTE90JG593JG7035SJG,1,1.99,CAD,N/A,N/A,N/A,Price Amount,N/A
MD0HAA58T864QGCMOH71AP2P4VE5SEH0H43449QC9MKH0AAS9VNG,C1VQ6SJQ2K7JSPCQ5QIA1N8REGKL8B0GCVTE90JG593JG7035SJG,1,0.0,CAD,N/A,N/A,N/A,Tax,N/A
7BO3KG2GMR8IC6P3LCI974D5V248U2MI1753C4SJ28K4U0L871CG,A6N9287OCPEOHV2FV7R604SAUPPRLAK351I09VEQ1AKPRDDQ4LOG,1,4.99,CAD,N/A,N/A,N/A,Price Amount,N/A
7BO3KG2GMR8IC6P3LCI974D5V248U2MI1753C4SJ28K4U0L871CG,A6N9287OCPEOHV2FV7R604SAUPPRLAK351I09VEQ1AKPRDDQ4LOG,1,0.25,CAD,N/A,N/A,N/A,Tax,N/A
JBCMEUI36V2F3F04VFN00RNAV6VHUREC6V7OUSQ1HE3MRBQPIVM0,47DCHMRF277H5UFOQCH6NQ2U105BKC14V4R2NU3VFPGTAK2446S0,1,-6.51,CAD,KUDRTYLEXVKQRHSA,N/A,N/A,Price Amount,Coupon
JBCMEUI36V2F3F04VFN00RNAV6VHUREC6V7OUSQ1HE3MRBQPIVM0,47DCHMRF277H5UFOQCH6NQ2U105BKC14V4R2NU3VFPGTAK2446S0,1,6.51,CAD,N/A,N/A,N/A,Price Amount,N/A
JBCMEUI36V2F3F04VFN00RNAV6VHUREC6V7OUSQ1HE3MRBQPIVM0,47DCHMRF277H5UFOQCH6NQ2U105BKC14V4R2NU3VFPGTAK2446S0,1,0.0,CAD,N/A,N/A,N/A,Tax,N/A
RH3VNESAT74JGB9F0G1DBOI908S8BRV4R4250OC4UPHGRD3NBS50,2B49C0VJK355RJQO8QJBI6P2NEACEFNSP0ROJVDO6713S03TTNQG,1,0.0,CAD,N/A,N/A,N/A,Tax,N/A
RH3VNESAT74JGB9F0G1DBOI908S8BRV4R4250OC4UPHGRD3NBS50,2B49C0VJK355RJQO8QJBI6P2NEACEFNSP0ROJVDO6713S03TTNQG,1,8.68,CAD,N/A,N/A,N/A,Price Amount,N/A
QNVG2MH3751H3MDDHFR03AFM49U3381A2BUEENKN94UVOISB4A1G,P8DLSUFN0UC99UDF20RE803TILUTU6CH9VE3IMB07F7V4OQAH5S0,1,8.99,CAD,N/A,N/A,N/A,Price Amount,N/A
QNVG2MH3751H3MDDHFR03AFM49U3381A2BUEENKN94UVOISB4A1G,P8DLSUFN0UC99UDF20RE803TILUTU6CH9VE3IMB07F7V4OQAH5S0,1,0.0,CAD,N/A,N/A,N/A,Tax,N/A
8BKL725BRLAFB7H4HE7EDD7VH9LN9EKU9C9AUFUBD8MJVP1B1HO0,PQPI2D1KQNPK58VCNK68L25KK2ORNV5D7GBVHRG8VG9BVINDBP90,1,0.0,USD,N/A,N/A,N/A,Price Amount,N/A
4T16N3PRQ34NB2R7Q5OEIASJLSA72V5914MVF9D7Q100HQ8BICOG,2FJN4GHCVOE3IITPNH50K3QQCSTI5SSVVR7VBLQ0H5S9DBNV6NIG,1,0.0,USD,N/A,N/A,N/A,Price Amount,N/A
IN6RQSCL6SAC5CLTESFMV10UAPCMIUIAEL603TDOC0TQOQK67P6G,1D20F9RV3NL61L0JDHIJEVGE0T9DD1F9LHJ1LANT0AVRPTBB8BMG,1,0.99,USD,N/A,N/A,N/A,Price Amount,N/A
3HRQSLSCFG6LN69JE2EE5FGTEIP1RDH1BA9438THUBKFLF10OP10,B9NER3U9I0C49SF71OAQRG7LGMA6234LP4I33NS5NNPVTPBK1FA0,1,0.93,USD,N/A,N/A,N/A,Price Amount,N/A
MEKARQDBJQIMH5PO729216UDMM52MQNUM0PVDNKRD5TP9041EJB0,52BHL9P4OQV11L19B30NDDDOVB6BE4NHJ1ERLO49IBVRKELU82E0,1,2.36,USD,N/A,N/A,N/A,Price Amount,N/A
1DDOKMH7E1EL4BKM7V0QK00D3B4OEFAIURNKLC55S1U3OHATNSNG,0A3VN58D5UQ32J9RR2V5U831L4AQ9UKNJKV1D7FJAE6358H46Q60,1,0.99,USD,N/A,N/A,N/A,Price Amount,N/A
MICOHEQSBNVKKG4422UCJ8FGS7FS19FF5MVDH0Q9FU0RG06L7OAG,38I01T9IH255MTCAFUMOART02QIUNNSMN9DS1BE0KVILPL1J24FG,1,11.06,USD,N/A,N/A,N/A,Price Amount,N/A
KV5D1U8L08FKF1E0Q836GATE9P9VNL9RCTIJHCMEL80SLNEB8R50,4TVKMIKCB1LMCTM26HIKDB1J5A49J70TSIH9R5KOM36M06CKE0L0,1,2.19,USD,N/A,N/A,N/A,Price Amount,N/A
REL63TUTA8COG794SEB66LA525L6OJ2RK8KM5FMF7HHL54LSMKN0,TPCHE1FTN5905SUA2N4J5M7KFG1HTEH6VGB6DJF234RA6SC5NLQ0,1,1.11,USD,N/A,N/A,N/A,Price Amount,N/A
IOVU7NOOI43EN1L5503H6V7JDMIUCSTJF9B6UE6ODFCJT1S7HGT0,IR81HUIDQDROKU75D16NJ9G64QINT0CB540DTUMD69BKN7OGFOIG,1,0.0,USD,N/A,N/A,N/A,Price Amount,N/A
78L10DJONDBDLK3QMAR6VMLKJIF36BULLBLSOV7Q14V94TH65T70,EUBNFV41D793I3J1PBL5PAVMTV10UASIR72IHJJ3150A6O6P6FMG,1,0.0,USD,N/A,N/A,N/A,Price Amount,N/A
8KK29RSA05AHI79E0OC5UO1F607FCMC4CNS5V5N5JJHE7NN31570,AIGQINKUK3V1I20CT71P199S81OH7UCN51MCMU7FPVRI8K1MLM0G,1,0.0,USD,N/A,N/A,N/A,Price Amount,N/A
I8A7K3115A253J1I7PSH7U26AM60IBKJCAC36ONG54BCO0BLGMUG,M5T3P2DKUKUERR84448LHCTTUP5NSQ4G8RBVEFP9VBD0NT8P8VIG,1,0.0,USD,N/A,N/A,N/A,Price Amount,N/A
D9F8B8KH238LT338MAG6REMADKS6VOH7VOPKOTTFF7GRO58GHCRG,455VQBFUVBTNPVLO569DS8T1A4H6KIS27STNGJ364T7B1UPT1F40,1,0.0,USD,N/A,N/A,N/A,Price Amount,N/A
RN1K0SL43G82DE92KPT3EEOJGG6HUC2R05S0GQRH129VF7LMKRUG,96IC3NB9MRT4Q1PJUDR7R17VJDL8I6VILFPEL9FDV1VFV61KG8FG,1,16.92,USD,N/A,N/A,N/A,Price Amount,N/A
AK74V1HGSSFC3SMCS0RPGQBR8MH4ENI4Q17JGKC232SF0S9ACKS0,B6VRCB3KVCK55J6GF8BOM18AERNR58KIMP6TMFA9V7HFKGCRB680,1,16.92,USD,N/A,N/A,N/A,Price Amount,N/A
5HE53FUFT38MR66HU56P6HE776ANOAIM7J8D85CGG6QFIC12KRD0,99P3VFLAS1IE0R6NIJGAUTIOPCE2MHU8KLNAQU9VSUC60H28O63G,1,9.49,USD,N/A,N/A,N/A,Price Amount,N/A
D3BVOP71OJ8VD7IFMHUBPHESCMGAKURJIQ6JA9UQO2A49J0VM7GG,IBS5KB6FDUTRRU9RRIAA8BNJCLR65J2BDSH5RPGOJO9BVBRFD3A0,1,8.92,USD,N/A,N/A,N/A,Price Amount,N/A
KF7GRFR2SJO2VOHQ2D8VBJHF8CJ9AL7BG5G0LM34J5U93ERPN8O0,1MK5KL76ROLMAIGE6UALN3IRMOJ6E03V4L8UNQLETFOA18PU7DNG,1,0.0,USD,N/A,N/A,N/A,Price Amount,N/A
QTDBCC71QUQJL4OO6N5QQRPB2HO2AL456KGVSEPQJU5982806TMG,PMQMUK2K49AJUL2PAS41KQVVGL1QORQJANKRMTL4T1AQ4CLSKHK0,1,0.0,USD,N/A,N/A,N/A,Price Amount,N/A
QCA8IM9P752LO1T8PPF0K8DKHNCEFK6UF1UV7O52RH6O692EB2L0,HJ58E3GFG1SMN2K98NP5P9AOEVGL8J1FMF1KEVFEKE5D3Q0C97I0,1,0.0,USD,N/A,N/A,N/A,Price Amount,N/A
IQIF3VGKTGSBQ3U0CPM3G3VSULT117NP9L93TIO34LIHOC51DSHG,LQHJP90FL0SSNQRK0EUOP1RK2V7UGSQQD39SP2V99VVO42GJSTNG,1,0.0,USD,N/A,N/A,N/A,Price Amount,N/A
7H1B3R24E82H1P1AS1VDP9AQUTH7S0DVH7KJECN5ACV7HQJIBLO0,RO7TA0FA59ELPT1ASPGUNC074LV6DPBPIU5PEK15V2RPFGB735Q0,1,0.0,USD,N/A,N/A,N/A,Price Amount,N/A
PANPM6FH78C4JGOSRP85TTFA1N8VC84J7V96IFJ102UBEOF61V2G,BL3LU5L2KPDL9O83E57865SA0STUMJ7LV7ICL2KJ4HI3CR3CRRG0,1,0.0,USD,N/A,N/A,N/A,Price Amount,N/A
0OS8VK51FB49U78D6UIVG4QLEQHSG9CJRVSPTHVB6A6HG3JV8SCG,EPAE2S0AB8AKI4K19LJVIQEN76NS8AVTGSD5RINHF3EJSINA89UG,1,0.0,USD,N/A,N/A,N/A,Price Amount,N/A
8SBACT5OC893Q9UFCTH0LODTFQHORSG1I77KD3IKDB23F2C922L0,MFOTBSSN43T45OSV56B3SUVLNHLF6AVI9REIVLHU9D18BD9MGI5G,1,9.99,USD,N/A,N/A,N/A,Price Amount,N/A
4ORBD3N0030JH4G9PKS37CTU7JJNPOEF68EE33FJQRB4OCJIOTIG,K8TC8U50P9C3890NSAK2286O7IDOAUJTAKB81OPKTALPICH3BOM0,1,0.0,USD,N/A,N/A,N/A,Price Amount,N/A
G01VQEME3RRBG9QH0AHI01C6TKEMO1J8JF5B62TTNSGEG45UVJ8G,T4MARULQAVTSNFQFR86O8KTSJ44R668QLO4BNJAR8MAA6TV0P6P0,1,0.0,USD,N/A,N/A,N/A,Price Amount,N/A
69M6D0TTQSGTD8HSVTMFG7LDPR8NVN1H5HG18HQI4INHULQ7464G,GKU36JKH3DHM7HBB12R0DE36JR32A820LVJCEEO9S9JICKMIKS70,1,0.0,USD,N/A,N/A,N/A,Price Amount,N/A
91O16KK80BM3P1OJLPP8L266OL2I9074C22CDSKS5DDH1HEJMD40,U9V9KQTA6D7FSVMKFHA0N4CMBPMM3S3PFAN8SJ1DJQROH2S23J7G,1,0.0,USD,N/A,N/A,N/A,Price Amount,N/A
EETFK6OMJS723N9L1P0K54OSL56R95BQLC2V0C3KJH6RJ53PEO60,DRI7TG4H5KBPEBF5MO402UFBQK02HO87MH5U711HKM0LLAAJGF6G,1,0.0,USD,N/A,N/A,N/A,Price Amount,N/A
5CM6S6566M1VP68VIUO3S48RKR2A6MPSJGI74UH18U5I5INF9F7G,30OVJRNQ49G8TJB8OGLUIINM359JQMFRCJ2GESHRG22FTOT2UA9G,1,0.0,USD,N/A,N/A,N/A,Price Amount,N/A
6UHMJ38KKM6TTAN7JKPSMMG30B84SF6ANU0OUNH7VHAH6TTGKKR0,AFOEP4OFJB3M407R9AI9O57P0M6BVSKARR4T49CQ5TGBL49M71O0,1,11.99,USD,N/A,N/A,N/A,Price Amount,N/A