﻿ASIN,Title,OrderId,DigitalOrderItemId,DeclaredCountryCode,BaseCurrencyCode,FulfilledDate,IsFulfilled,Marketplace,OrderDate,OriginalQuantity,OurPrice,OurPriceCurrencyCode,OurPriceTax,OurPriceTaxCurrencyCode,SellerOfRecord,Publisher,ThirdPartyDisplayPrice,ThirdPartyDisplayCurrencyCode,ListPriceAmount,ListPriceCurrencyCode,ListPriceTaxAmount,ListPriceTaxCurrencyCode,GiftItem,OrderingCustomerNickname,GiftCustomerNickname,GiftMessage,GiftEmail,RecipientEmail,GiftRedemption,ItemMergedFromAnotherOrder,QuantityOrdered,ItemFulfilled,ShipFrom,ShipTo,IsOrderEligibleForPrimeBenefit,OfferingSKU,FulfillmentMobileNumber,RechargeAmount,RechargeAmountCurrencyCode,SubscriptionOrderInfoList,PreviouslyPaidDigitalOrderItemId,PreviouslyPaidOrderId,InstallmentOurPrice,InstallmentOurPricePlusTax,DigitalOrderItemAttributes,InstallmentOurPriceCurrencyCode,InstallmentOurPricePlusTaxCurrencyCode
B08MY9QV93,"Possessor",D01-1364348-3181040,8BI4KETOV9BPL9CRJNO025R1CCEANPK4FEGSCO9CFL70TIC7V5FG,CA,CAD,12/06/20,Yes,www.amazon.ca,12/06/20,1,5.99,CAD,N/A,N/A,"Amazon.com.ca, Inc.",N/A,N/A,N/A,5.99,CAD,N/A,N/A,No,N/A,N/A,N/A,N/A,N/A,N/A,N/A,1,Yes,N/A,N/A,Yes,N/A,N/A,N/A,N/A,N/A,N/A,N/A,N/A,N/A,N/A,N/A,N/A
B079F1LQ2L,"Prime Membership Fee",D01-7455709-6816246,HT5BB8F5C093SGR9FDLG7LH3IO99V4HE8NFDBSTO65BCLK767CSG,CA,CAD,11/09/20,Yes,www.amazon.ca,11/09/20,1,79.0,CAD,N/A,N/A,"Amazon.com.ca, Inc.",N/A,N/A,N/A,79.0,CAD,N/A,N/A,No,N/A,N/A,N/A,N/A,N/A,N/A,N/A,1,Yes,N/A,N/A,Yes,N/A,N/A,N/A,N/A,"subscriptionId:N9EP2RM8FD1D6K6JH5J1",N/A,N/A,N/A,N/A,N/A,N/A,N/A
B07Y8SJGCV,"Disney+",D01-3640484-8473802,CNCIJKJEJHA1DP7EG7V2H4715JD1NO0A9DF6POLUI48FG42APSCG,CA,CAD,06/25/20,Yes,www.amazon.ca,06/25/20,1,0.0,CAD,N/A,N/A,"Amazon.com.ca, Inc.",N/A,N/A,N/A,0.0,CAD,0.0,CAD,No,N/A,N/A,N/A,N/A,N/A,N/A,N/A,1,Yes,N/A,N/A,Yes,N/A,N/A,N/A,N/A,N/A,N/A,N/A,N/A,N/A,"CustomerLocalePreference:en_CA",N/A,N/A
B004KZOWEG,"King Leopold's Ghost: A Story of Greed, Terror, and Heroism in Colonial Africa",D01-1274776-6659445,R76R4NRSQLT0ESNK2K6QPE8S1OHO8SVDVIDGKOS9AKM6G2IFP1CG,CA,CAD,04/22/20,Yes,www.amazon.ca,04/22/20,1,2.99,CAD,N/A,N/A,"Amazon.com Services LLC",N/A,N/A,N/A,22.99,CAD,22.99,CAD,No,N/A,N/A,N/A,N/A,N/A,N/A,N/A,1,Yes,N/A,N/A,Yes,N/A,N/A,N/A,N/A,N/A,N/A,N/A,N/A,N/A,"CustomerLocalePreference:en_CA",N/A,N/A
B079F1LQ2L,"Prime Membership Fee",D01-1943043-1289825,EDLVDQBQ1M9DI8VRL9H4IIQCKI7SHDNG39MROTUJBDNKJ95HHTLG,CA,CAD,11/09/19,Yes,www.amazon.ca,11/09/19,1,79.0,CAD,N/A,N/A,"Amazon.com.ca, Inc.",N/A,N/A,N/A,79.0,CAD,N/A,N/A,No,N/A,N/A,N/A,N/A,N/A,N/A,N/A,1,Yes,N/A,N/A,Yes,N/A,N/A,N/A,N/A,"subscriptionId:N9EP2RM8FD1D6K6JH5J1",N/A,N/A,N/A,N/A,N/A,N/A,N/A
B01N08EGNZ,"Video For Youtube",D01-3542278-8624213,5VCPSGGKA7Q24H712CER00OGN905L39DS9I7IH748Q9RE66MVONG,CA,CAD,07/14/19,Yes,www.amazon.ca,07/14/19,1,0.0,CAD,N/A,N/A,"Amazon Digital Services, Inc.",N/A,N/A,N/A,0.0,CAD,0.0,CAD,No,N/A,N/A,N/A,N/A,N/A,N/A,N/A,1,Yes,N/A,N/A,Yes,N/A,N/A,N/A,N/A,N/A,N/A,N/A,N/A,N/A,"CustomerLocalePreference:en_CA",N/A,N/A
B07KQFCN2T,"Videos For YouTube",D01-9160900-7453005,LABBM1D5GJHGB4UIPV6OFNUA9OEU4R8O2M2OI9RGK06IGQ7RFQBG,CA,CAD,07/14/19,Yes,www.amazon.ca,07/14/19,1,0.0,CAD,N/A,N/A,"Amazon Digital Services, Inc.",N/A,N/A,N/A,0.0,CAD,0.0,CAD,No,N/A,N/A,N/A,N/A,N/A,N/A,N/A,1,Yes,N/A,N/A,Yes,N/A,N/A,N/A,N/A,N/A,N/A,N/A,N/A,N/A,"CustomerLocalePreference:en_CA",N/A,N/A
B00KZP2DTQ,"Instagram",D01-7538747-3520200,6U3CR61Q4J667L4G7PE4NF3FDQ7QLF86J14KF0S8GD0G3LP79V50,CA,CAD,07/14/19,Yes,www.amazon.ca,07/14/19,1,0.0,CAD,N/A,N/A,"Amazon Digital Services, Inc.",N/A,N/A,N/A,0.0,CAD,0.0,CAD,No,N/A,N/A,N/A,N/A,N/A,N/A,N/A,1,Yes,N/A,N/A,Yes,N/A,N/A,N/A,N/A,N/A,N/A,N/A,N/A,N/A,"CustomerLocalePreference:en_CA",N/A,N/A
B00LV4D70O,"YouTube",D01-6233507-7440243,12G2TKUJS7Q01NSHLHULPOORJUA3C40LP9MG175O12QD13FJ37OG,CA,CAD,07/14/19,Yes,www.amazon.ca,07/14/19,1,0.0,CAD,N/A,N/A,"Amazon Digital Services, Inc.",N/A,N/A,N/A,0.0,CAD,0.0,CAD,No,N/A,N/A,N/A,N/A,N/A,N/A,N/A,1,Yes,N/A,N/A,Yes,N/A,N/A,N/A,N/A,N/A,N/A,N/A,N/A,N/A,"CustomerLocalePreference:en_CA",N/A,N/A
B005ZXWMUS,"Netflix",D01-6233507-7440243,3MA1M3PBN0EIFAA09DJP92SCHRE43045RU86R2DCSE8FLDUENVHG,CA,CAD,07/14/19,Yes,www.amazon.ca,07/14/19,1,0.0,CAD,N/A,N/A,"Amazon Digital Services, Inc.",N/A,N/A,N/A,0.0,CAD,0.0,CAD,No,N/A,N/A,N/A,N/A,N/A,N/A,N/A,1,Yes,N/A,N/A,Yes,N/A,N/A,N/A,N/A,N/A,N/A,N/A,N/A,N/A,"CustomerLocalePreference:en_CA",N/A,N/A
B00KLBR6IC,"Spotify Music",D01-6233507-7440243,UB61DHUSQT36PB87QV7LJ06P3LP6E7AU0OCOJ3DGH6BHPQ1BFA0G,CA,CAD,07/14/19,Yes,www.amazon.ca,07/14/19,1,0.0,CAD,N/A,N/A,"Amazon Digital Services, Inc.",N/A,N/A,N/A,0.0,CAD,0.0,CAD,No,N/A,N/A,N/A,N/A,N/A,N/A,N/A,1,Yes,N/A,N/A,Yes,N/A,N/A,N/A,N/A,N/A,N/A,N/A,N/A,N/A,"CustomerLocalePreference:en_CA",N/A,N/A
B079F1LQ2L,"Prime Membership Fee",D01-9359648-9145840,R8RV9AK5C6H1P5EGB5K11JVRCFHQB8LLIF3QPFVF75338OKGCI0G,CA,CAD,11/09/18,Yes,www.amazon.ca,11/09/18,1,79.0,CAD,N/A,N/A,"Amazon.com.ca, Inc.",N/A,N/A,N/A,79.0,CAD,N/A,N/A,No,N/A,N/A,N/A,N/A,N/A,N/A,N/A,1,Yes,N/A,N/A,Yes,N/A,N/A,N/A,N/A,"subscriptionId:N9EP2RM8FD1D6K6JH5J1",N/A,N/A,N/A,N/A,N/A,N/A,N/A
B071NZZHF9,"Amazon Appstore",D01-2543700-8899411,COHC9QBPVI1NQ5PIU2K5VT1C645HNIJI2TPH01DPHVIT6H135D3G,CA,CAD,11/17/17,Yes,www.amazon.ca,11/17/17,1,0.0,CAD,N/A,N/A,"Amazon Digital Services, Inc.",N/A,N/A,N/A,0.0,CAD,0.0,CAD,No,N/A,N/A,N/A,N/A,N/A,N/A,N/A,1,Yes,N/A,N/A,Yes,N/A,N/A,N/A,N/A,N/A,N/A,N/A,N/A,N/A,"CustomerLocalePreference:en_CA",N/A,N/A
B00XTB49FY,"Jungle: A Harrowing True Story of Survival in the Amazon",D01-5157650-6579446,MD0HAA58T864QGCMOH71AP2P4VE5SEH0H43449QC9MKH0AAS9VNG,CA,CAD,11/04/16,Yes,www.amazon.ca,11/04/16,1,1.99,CAD,N/A,N/A,"Amazon Digital Services, Inc.",N/A,N/A,N/A,19.99,CAD,19.99,CAD,No,N/A,N/A,N/A,N/A,N/A,N/A,N/A,1,Yes,N/A,N/A,N/A,N/A,N/A,N/A,N/A,N/A,N/A,N/A,N/A,N/A,"CustomerLocalePreference:en_CA",N/A,N/A
B0166ISAS8,"Hillbilly Elegy: A Memoir of a Family and Culture in Crisis",D01-6990100-8195465,7BO3KG2GMR8IC6P3LCI974D5V248U2MI1753C4SJ28K4U0L871CG,CA,CAD,10/23/16,Yes,www.amazon.ca,10/23/16,1,4.99,CAD,N/A,N/A,"HarperCollins Publishers",N/A,N/A,N/A,4.99,CAD,N/A,N/A,No,N/A,N/A,N/A,N/A,N/A,N/A,N/A,1,Yes,N/A,N/A,N/A,N/A,N/A,N/A,N/A,N/A,N/A,N/A,N/A,N/A,N/A,N/A,N/A
B00SLWQGUM,"Follow You Home",D01-9891003-6253441,JBCMEUI36V2F3F04VFN00RNAV6VHUREC6V7OUSQ1HE3MRBQPIVM0,CA,CAD,07/12/16,Yes,www.amazon.ca,07/12/16,1,6.51,CAD,N/A,N/A,"Amazon Digital Services, Inc.",N/A,N/A,N/A,6.51,CAD,6.51,CAD,No,N/A,N/A,N/A,N/A,N/A,N/A,N/A,1,Yes,N/A,N/A,N/A,N/A,N/A,N/A,N/A,N/A,N/A,N/A,N/A,N/A,N/A,N/A,N/A
B00LRROTI4,"The Docker Book: Containerization is the new virtualization",D01-0135405-2488634,RH3VNESAT74JGB9F0G1DBOI908S8BRV4R4250OC4UPHGRD3NBS50,CA,CAD,03/31/15,Yes,www.amazon.ca,03/31/15,1,8.68,CAD,N/A,N/A,"Amazon Digital Services, Inc.",N/A,N/A,N/A,9.99,CAD,9.99,CAD,No,N/A,N/A,N/A,N/A,N/A,N/A,N/A,1,Yes,N/A,N/A,N/A,N/A,N/A,N/A,N/A,N/A,N/A,N/A,N/A,N/A,"CustomerLocalePreference:en_CA",N/A,N/A
B00LT3CRNU,"Frostbike: The Joy, Pain and Numbness of Winter Cycling",D01-5787606-5426264,QNVG2MH3751H3MDDHFR03AFM49U3381A2BUEENKN94UVOISB4A1G,CA,CAD,10/16/14,Yes,www.amazon.ca,10/16/14,N/A,8.99,CAD,N/A,N/A,"Amazon Digital Services, Inc.",N/A,N/A,N/A,11.23,CAD,11.23,CAD,No,N/A,N/A,N/A,N/A,N/A,N/A,N/A,1,Yes,N/A,N/A,N/A,N/A,N/A,N/A,N/A,N/A,N/A,N/A,N/A,N/A,"CustomerLocalePreference:en_CA",N/A,N/A
B005MEG11Q,"Paul Graham: The Art of Funding a Startup (A Mixergy Interview)",D01-7889635-2275820,8BKL725BRLAFB7H4HE7EDD7VH9LN9EKU9C9AUFUBD8MJVP1B1HO0,CA,USD,08/28/12,Yes,www.amazon.com,08/28/12,N/A,0.0,USD,0.0,USD,"Amazon Digital Services, Inc.",N/A,N/A,N/A,2.99,USD,2.99,USD,No,N/A,N/A,N/A,N/A,N/A,N/A,N/A,1,Yes,N/A,N/A,N/A,N/A,N/A,N/A,N/A,N/A,N/A,N/A,N/A,N/A,N/A,N/A,N/A
B004JF4NOQ,"Vim and Vi Tips: Essential Vim and Vi Editor Skills, 3rd ed.",D01-1105919-7677430,4T16N3PRQ34NB2R7Q5OEIASJLSA72V5914MVF9D7Q100HQ8BICOG,CA,USD,08/17/12,Yes,www.amazon.com,08/17/12,N/A,0.0,USD,0.0,USD,"Amazon Digital Services, Inc.",N/A,N/A,N/A,9.99,USD,9.99,USD,No,N/A,N/A,N/A,N/A,N/A,N/A,N/A,1,Yes,N/A,N/A,N/A,N/A,N/A,N/A,N/A,N/A,N/A,N/A,N/A,N/A,N/A,N/A,N/A
B001RIYZJQ,"Deathworld (Wildside Edition)",D01-1241188-6192656,IN6RQSCL6SAC5CLTESFMV10UAPCMIUIAEL603TDOC0TQOQK67P6G,CA,USD,08/15/12,Yes,www.amazon.com,08/15/12,N/A,0.99,USD,0.99,USD,"Amazon Digital Services, Inc.",N/A,N/A,N/A,0.99,USD,0.99,USD,No,N/A,N/A,N/A,N/A,N/A,N/A,N/A,1,Yes,N/A,N/A,N/A,N/A,N/A,N/A,N/A,N/A,N/A,N/A,N/A,N/A,N/A,N/A,N/A
B002BH54PQ,"The Works of Henry David Thoreau (with active table of contents)",D01-1514013-6842265,3HRQSLSCFG6LN69JE2EE5FGTEIP1RDH1BA9438THUBKFLF10OP10,CA,USD,06/20/12,Yes,www.amazon.com,06/20/12,N/A,0.93,USD,0.93,USD,"Amazon Digital Services, Inc.",N/A,N/A,N/A,1.0,USD,1.0,USD,No,N/A,N/A,N/A,N/A,N/A,N/A,N/A,1,Yes,N/A,N/A,N/A,N/A,N/A,N/A,N/A,N/A,N/A,N/A,N/A,N/A,N/A,N/A,N/A
B004OC069U,"Think and Grow Rich: The Original Classic",D01-5333653-5629434,MEKARQDBJQIMH5PO729216UDMM52MQNUM0PVDNKRD5TP9041EJB0,CA,USD,02/02/12,Yes,www.amazon.com,02/02/12,N/A,2.36,USD,2.36,USD,"Amazon Digital Services, Inc.",N/A,N/A,N/A,14.95,USD,14.95,USD,No,N/A,N/A,N/A,N/A,N/A,N/A,N/A,1,Yes,N/A,N/A,N/A,N/A,N/A,N/A,N/A,N/A,N/A,N/A,N/A,N/A,N/A,N/A,N/A
B003GSLX5Y,"The Elements of Style (Original Edition)",D01-3824231-9187820,1DDOKMH7E1EL4BKM7V0QK00D3B4OEFAIURNKLC55S1U3OHATNSNG,CA,USD,01/30/12,Yes,www.amazon.com,01/30/12,N/A,0.99,USD,0.99,USD,"Amazon Digital Services, Inc.",N/A,N/A,N/A,1.99,USD,1.99,USD,No,N/A,N/A,N/A,N/A,N/A,N/A,N/A,1,Yes,N/A,N/A,N/A,N/A,N/A,N/A,N/A,N/A,N/A,N/A,N/A,N/A,N/A,N/A,N/A
B005CVV1QE,"The Sisters Brothers",D01-2595942-4189454,MICOHEQSBNVKKG4422UCJ8FGS7FS19FF5MVDH0Q9FU0RG06L7OAG,CA,USD,N/A,No,www.amazon.com,12/26/11,N/A,11.06,USD,11.06,USD,"Amazon Digital Services, Inc.",N/A,N/A,N/A,22.95,USD,22.95,USD,No,N/A,N/A,N/A,N/A,N/A,N/A,N/A,1,No,N/A,N/A,N/A,N/A,N/A,N/A,N/A,N/A,N/A,N/A,N/A,N/A,N/A,N/A,N/A
B000SEHJGQ,"Ham On Rye: A Novel",D01-9025146-0573446,KV5D1U8L08FKF1E0Q836GATE9P9VNL9RCTIJHCMEL80SLNEB8R50,CA,USD,N/A,No,www.amazon.com,12/25/11,N/A,1.96,USD,2.19,USD,"HarperCollins","HarperCollins Publishers",N/A,N/A,1.96,USD,N/A,N/A,No,N/A,N/A,N/A,N/A,N/A,N/A,N/A,1,No,N/A,N/A,N/A,N/A,N/A,N/A,N/A,N/A,N/A,N/A,N/A,N/A,N/A,N/A,N/A
B000VYX9DA,"Love is a Dog From Hell",D01-2501694-4112624,REL63TUTA8COG794SEB66LA525L6OJ2RK8KM5FMF7HHL54LSMKN0,CA,USD,N/A,No,www.amazon.com,12/25/11,N/A,0.99,USD,1.11,USD,"HarperCollins","HarperCollins Publishers",N/A,N/A,0.99,USD,N/A,N/A,No,N/A,N/A,N/A,N/A,N/A,N/A,N/A,1,No,N/A,N/A,N/A,N/A,N/A,N/A,N/A,N/A,N/A,N/A,N/A,N/A,N/A,N/A,N/A
B000JQV68A,"The Beautiful and Damned",D01-4152432-4487057,IOVU7NOOI43EN1L5503H6V7JDMIUCSTJF9B6UE6ODFCJT1S7HGT0,CA,USD,N/A,No,www.amazon.com,12/25/11,N/A,0.0,USD,N/A,N/A,"Amazon Digital Services, Inc.",N/A,N/A,N/A,0.0,USD,0.0,USD,No,N/A,N/A,N/A,N/A,N/A,N/A,N/A,1,No,N/A,N/A,N/A,N/A,N/A,N/A,N/A,N/A,N/A,N/A,N/A,N/A,N/A,N/A,N/A
B000JQU474,"The Raven",D01-8579288-9232668,78L10DJONDBDLK3QMAR6VMLKJIF36BULLBLSOV7Q14V94TH65T70,CA,USD,N/A,No,www.amazon.com,12/25/11,N/A,0.0,USD,N/A,N/A,"Amazon Digital Services, Inc.",N/A,N/A,N/A,0.0,USD,0.0,USD,No,N/A,N/A,N/A,N/A,N/A,N/A,N/A,1,No,N/A,N/A,N/A,N/A,N/A,N/A,N/A,N/A,N/A,N/A,N/A,N/A,N/A,N/A,N/A
B000JQV49G,"The Last of the Mohicans; A narrative of 1757",D01-2909908-2995819,8KK29RSA05AHI79E0OC5UO1F607FCMC4CNS5V5N5JJHE7NN31570,CA,USD,N/A,No,www.amazon.com,12/25/11,N/A,0.0,USD,N/A,N/A,"Amazon Digital Services, Inc.",N/A,N/A,N/A,0.0,USD,0.0,USD,No,N/A,N/A,N/A,N/A,N/A,N/A,N/A,1,No,N/A,N/A,N/A,N/A,N/A,N/A,N/A,N/A,N/A,N/A,N/A,N/A,N/A,N/A,N/A
B000JQU6YU,"Uncle Tom's Cabin",D01-3737356-2365432,I8A7K3115A253J1I7PSH7U26AM60IBKJCAC36ONG54BCO0BLGMUG,CA,USD,N/A,No,www.amazon.com,12/25/11,N/A,0.0,USD,N/A,N/A,"Amazon Digital Services, Inc.",N/A,N/A,N/A,0.0,USD,0.0,USD,No,N/A,N/A,N/A,N/A,N/A,N/A,N/A,1,No,N/A,N/A,N/A,N/A,N/A,N/A,N/A,N/A,N/A,N/A,N/A,N/A,N/A,N/A,N/A
B000JQU7JO,"The Jungle Book",D01-7431077-3082220,D9F8B8KH238LT338MAG6REMADKS6VOH7VOPKOTTFF7GRO58GHCRG,CA,USD,N/A,No,www.amazon.com,12/25/11,N/A,0.0,USD,N/A,N/A,"Amazon Digital Services, Inc.",N/A,N/A,N/A,0.0,USD,0.0,USD,No,N/A,N/A,N/A,N/A,N/A,N/A,N/A,1,No,N/A,N/A,N/A,N/A,N/A,N/A,N/A,N/A,N/A,N/A,N/A,N/A,N/A,N/A,N/A
B004V9MSRY,"Better Living Through Plastic Explosives",D01-9035329-7315829,RN1K0SL43G82DE92KPT3EEOJGG6HUC2R05S0GQRH129VF7LMKRUG,CA,USD,N/A,No,www.amazon.com,11/16/11,N/A,14.71,USD,16.92,USD,"Penguin Publishing","Penguin Group (USA) LLC",N/A,N/A,14.71,USD,N/A,N/A,No,N/A,N/A,N/A,N/A,N/A,N/A,N/A,1,No,N/A,N/A,N/A,N/A,N/A,N/A,N/A,N/A,N/A,N/A,N/A,N/A,N/A,N/A,N/A
B004V9MSRY,"Better Living Through Plastic Explosives",D01-8115077-5437400,AK74V1HGSSFC3SMCS0RPGQBR8MH4ENI4Q17JGKC232SF0S9ACKS0,CA,USD,N/A,No,www.amazon.com,11/16/11,N/A,14.71,USD,16.92,USD,"Penguin Publishing","Penguin Group (USA) LLC",N/A,N/A,14.71,USD,N/A,N/A,No,N/A,N/A,N/A,N/A,N/A,N/A,N/A,1,No,N/A,N/A,N/A,N/A,N/A,N/A,N/A,N/A,N/A,N/A,N/A,N/A,N/A,N/A,N/A
B0026OR3LM,"The Cathedral & the Bazaar: Musings on Linux and Open Source by an Accidental Revolutionary",D01-5147218-3661455,5HE53FUFT38MR66HU56P6HE776ANOAIM7J8D85CGG6QFIC12KRD0,CA,USD,N/A,No,www.amazon.com,08/02/11,N/A,9.49,USD,9.49,USD,"Amazon Digital Services, Inc.",N/A,N/A,N/A,13.99,USD,13.99,USD,No,N/A,N/A,N/A,N/A,N/A,N/A,N/A,1,No,N/A,N/A,N/A,N/A,N/A,N/A,N/A,N/A,N/A,N/A,N/A,N/A,N/A,N/A,N/A
B002FQOHW4,"The Accidental Billionaires: The Founding of Facebook: A Tale of Sex, Money, Genius and Betrayal",D01-3970835-3290209,D3BVOP71OJ8VD7IFMHUBPHESCMGAKURJIQ6JA9UQO2A49J0VM7GG,CA,USD,N/A,No,www.amazon.com,07/08/11,N/A,8.92,USD,8.92,USD,"Amazon Digital Services, Inc.",N/A,N/A,N/A,15.95,USD,15.95,USD,No,N/A,N/A,N/A,N/A,N/A,N/A,N/A,1,No,N/A,N/A,N/A,N/A,N/A,N/A,N/A,N/A,N/A,N/A,N/A,N/A,N/A,N/A,N/A
B000JQUHLC,"The Communist Manifesto",D01-4463201-4451844,KF7GRFR2SJO2VOHQ2D8VBJHF8CJ9AL7BG5G0LM34J5U93ERPN8O0,N/A,USD,N/A,No,www.amazon.com,03/28/11,N/A,0.0,USD,0.0,USD,"Amazon Digital Services, Inc.",N/A,N/A,N/A,0.0,USD,0.0,USD,No,N/A,N/A,N/A,N/A,N/A,N/A,N/A,1,No,N/A,N/A,N/A,N/A,N/A,N/A,N/A,N/A,N/A,N/A,N/A,N/A,N/A,N/A,N/A
B000JQUK8M,"Kidnapped (Dover Children's Evergreen Classics)",D01-4148854-8896607,QTDBCC71QUQJL4OO6N5QQRPB2HO2AL456KGVSEPQJU5982806TMG,N/A,USD,N/A,No,www.amazon.com,03/28/11,N/A,0.0,USD,0.0,USD,"Amazon Digital Services, Inc.",N/A,N/A,N/A,0.0,USD,0.0,USD,No,N/A,N/A,N/A,N/A,N/A,N/A,N/A,1,No,N/A,N/A,N/A,N/A,N/A,N/A,N/A,N/A,N/A,N/A,N/A,N/A,N/A,N/A,N/A
B000JMLN50,"The Four Horsemen of the Apocalypse",D01-1043094-6112663,QCA8IM9P752LO1T8PPF0K8DKHNCEFK6UF1UV7O52RH6O692EB2L0,N/A,USD,N/A,No,www.amazon.com,03/28/11,N/A,0.0,USD,0.0,USD,"Amazon Digital Services, Inc.",N/A,N/A,N/A,0.0,USD,0.0,USD,No,N/A,N/A,N/A,N/A,N/A,N/A,N/A,1,No,N/A,N/A,N/A,N/A,N/A,N/A,N/A,N/A,N/A,N/A,N/A,N/A,N/A,N/A,N/A
B000JQU81G,"On the Decay of the Art of Lying",D01-5217967-8483806,IQIF3VGKTGSBQ3U0CPM3G3VSULT117NP9L93TIO34LIHOC51DSHG,N/A,USD,N/A,No,www.amazon.com,03/28/11,N/A,0.0,USD,0.0,USD,"Amazon Digital Services, Inc.",N/A,N/A,N/A,0.0,USD,0.0,USD,No,N/A,N/A,N/A,N/A,N/A,N/A,N/A,1,No,N/A,N/A,N/A,N/A,N/A,N/A,N/A,N/A,N/A,N/A,N/A,N/A,N/A,N/A,N/A
B000JQUA3M,"How to Tell a Story and Other Essays",D01-7683357-8279010,7H1B3R24E82H1P1AS1VDP9AQUTH7S0DVH7KJECN5ACV7HQJIBLO0,N/A,USD,N/A,No,www.amazon.com,03/28/11,N/A,0.0,USD,0.0,USD,"Amazon Digital Services, Inc.",N/A,N/A,N/A,0.0,USD,0.0,USD,No,N/A,N/A,N/A,N/A,N/A,N/A,N/A,1,No,N/A,N/A,N/A,N/A,N/A,N/A,N/A,N/A,N/A,N/A,N/A,N/A,N/A,N/A,N/A
B000JQU7BC,"The Secret Sharer",D01-1596865-2285409,PANPM6FH78C4JGOSRP85TTFA1N8VC84J7V96IFJ102UBEOF61V2G,N/A,USD,N/A,No,www.amazon.com,03/28/11,N/A,0.0,USD,0.0,USD,"Amazon Digital Services, Inc.",N/A,N/A,N/A,0.0,USD,0.0,USD,No,N/A,N/A,N/A,N/A,N/A,N/A,N/A,1,No,N/A,N/A,N/A,N/A,N/A,N/A,N/A,N/A,N/A,N/A,N/A,N/A,N/A,N/A,N/A
B000JMKZXG,"The Sea Wolf",D01-7661952-2272603,0OS8VK51FB49U78D6UIVG4QLEQHSG9CJRVSPTHVB6A6HG3JV8SCG,N/A,USD,N/A,No,www.amazon.com,03/28/11,N/A,0.0,USD,0.0,USD,"Amazon Digital Services, Inc.",N/A,N/A,N/A,0.0,USD,0.0,USD,No,N/A,N/A,N/A,N/A,N/A,N/A,N/A,1,No,N/A,N/A,N/A,N/A,N/A,N/A,N/A,N/A,N/A,N/A,N/A,N/A,N/A,N/A,N/A
B000W9672O,"The Pleasures of the Damned: Poems, 1951-1993",D01-6235812-3347829,8SBACT5OC893Q9UFCTH0LODTFQHORSG1I77KD3IKDB23F2C922L0,N/A,USD,N/A,No,www.amazon.com,03/18/11,N/A,9.99,USD,9.99,USD,"Amazon Digital Services, Inc.",N/A,N/A,N/A,13.99,USD,13.99,USD,No,N/A,N/A,N/A,N/A,N/A,N/A,N/A,1,No,N/A,N/A,N/A,N/A,N/A,N/A,N/A,N/A,N/A,N/A,N/A,N/A,N/A,N/A,N/A
B000JQU6RW,"The Witch and other stories",D01-6888927-1475804,4ORBD3N0030JH4G9PKS37CTU7JJNPOEF68EE33FJQRB4OCJIOTIG,N/A,USD,N/A,No,www.amazon.com,08/13/10,N/A,0.0,USD,N/A,N/A,"Amazon Digital Services, Inc.",N/A,N/A,N/A,0.0,USD,N/A,N/A,No,N/A,N/A,N/A,N/A,N/A,N/A,N/A,1,No,N/A,N/A,N/A,N/A,N/A,N/A,N/A,N/A,N/A,N/A,N/A,N/A,N/A,N/A,N/A
B000JQV62Q,"The Habitant and Other French-Canadian Poems",D01-4950114-3587838,G01VQEME3RRBG9QH0AHI01C6TKEMO1J8JF5B62TTNSGEG45UVJ8G,N/A,USD,N/A,No,www.amazon.com,08/13/10,N/A,0.0,USD,N/A,N/A,"Amazon Digital Services, Inc.",N/A,N/A,N/A,0.0,USD,N/A,N/A,No,N/A,N/A,N/A,N/A,N/A,N/A,N/A,1,No,N/A,N/A,N/A,N/A,N/A,N/A,N/A,N/A,N/A,N/A,N/A,N/A,N/A,N/A,N/A
B000JQV0GS,"Art of Money Getting Or, Golden Rules for Making Money",D01-5587302-7344610,69M6D0TTQSGTD8HSVTMFG7LDPR8NVN1H5HG18HQI4INHULQ7464G,N/A,USD,N/A,No,www.amazon.com,08/13/10,N/A,0.0,USD,N/A,N/A,"Amazon Digital Services, Inc.",N/A,N/A,N/A,0.0,USD,N/A,N/A,No,N/A,N/A,N/A,N/A,N/A,N/A,N/A,1,No,N/A,N/A,N/A,N/A,N/A,N/A,N/A,N/A,N/A,N/A,N/A,N/A,N/A,N/A,N/A
B000JQUYI8,"Ivanhoe",D01-2612104-4845445,91O16KK80BM3P1OJLPP8L266OL2I9074C22CDSKS5DDH1HEJMD40,N/A,USD,N/A,No,www.amazon.com,08/13/10,N/A,0.0,USD,N/A,N/A,"Amazon Digital Services, Inc.",N/A,N/A,N/A,0.0,USD,N/A,N/A,No,N/A,N/A,N/A,N/A,N/A,N/A,N/A,1,No,N/A,N/A,N/A,N/A,N/A,N/A,N/A,N/A,N/A,N/A,N/A,N/A,N/A,N/A,N/A
B000JQUNE8,"Sailing Alone Around the World",D01-5835629-3383036,EETFK6OMJS723N9L1P0K54OSL56R95BQLC2V0C3KJH6RJ53PEO60,N/A,USD,N/A,No,www.amazon.com,08/13/10,N/A,0.0,USD,N/A,N/A,"Amazon Digital Services, Inc.",N/A,N/A,N/A,0.0,USD,N/A,N/A,No,N/A,N/A,N/A,N/A,N/A,N/A,N/A,1,No,N/A,N/A,N/A,N/A,N/A,N/A,N/A,N/A,N/A,N/A,N/A,N/A,N/A,N/A,N/A
B000JQU6ZE,"Waverley: or, 'Tis sixty years since",D01-3096876-8528614,5CM6S6566M1VP68VIUO3S48RKR2A6MPSJGI74UH18U5I5INF9F7G,N/A,USD,N/A,No,www.amazon.com,08/13/10,N/A,0.0,USD,N/A,N/A,"Amazon Digital Services, Inc.",N/A,N/A,N/A,0.0,USD,N/A,N/A,No,N/A,N/A,N/A,N/A,N/A,N/A,N/A,1,No,N/A,N/A,N/A,N/A,N/A,N/A,N/A,N/A,N/A,N/A,N/A,N/A,N/A,N/A,N/A
B002PMVQ9U,"Rowing the Atlantic: Lessons Learned on the Open Ocean",D01-2571927-1619841,6UHMJ38KKM6TTAN7JKPSMMG30B84SF6ANU0OUNH7VHAH6TTGKKR0,N/A,USD,N/A,No,www.amazon.com,02/11/10,N/A,11.99,USD,N/A,N/A,"Amazon Digital Services, Inc.",N/A,N/A,N/A,24.0,USD,N/A,N/A,No,N/A,N/A,N/A,N/A,N/A,N/A,N/A,1,No,N/A,N/A,N/A,N/A,N/A,N/A,N/A,N/A,N/A,N/A,N/A,N/A,N/A,N/A,N/A