﻿OrderId,BillingAddress,ShippingAddress,CustomerDeclaredAddress,OrderStatus,Marketplace,IsOrderFreeReplacement,IsOrderAPreorder,DoesOrderDependOnAnotherOrder,OrderingLocationCountry,OrderDate,RelatedPhysicalOrderId,ShoppingMarketplaceId,PaidByOtherCustomer,MultifactorAuthenticationStatus (depreciated),SubscriptionOrderType,AlternativeOrderProvidingPayment,PaymentInformation,DeliveryPacketId,DeliveryStatus,DeliveryDate,GiftClaimDate,SessionId,UniqueBrowserId
D01-1364348-3181040,"360 Chaparral Drive SE Calgary CA T2X 3P1",N/A,N/A,SUCCESS,www.amazon.ca,No,No,No,CA,12/06/20,N/A,A2EUQ1WTGCTBG2,N/A,UNKNOWN,N/A,N/A,"Visa-3795",MKV4FAH3VVGUPLBBENDSCQFPSBQEEO6QL6920I9HOO3N8T4FCB10,Delivery Complete,12/06/20,N/A,138-5891605-0871903,00000000-0000-0000-000000000000
D01-7455709-6816246,"360 Chaparral Drive SE Calgary CA T2X 3P1","360 Chaparral Drive Calgary CA T2X3P1",N/A,SUCCESS,www.amazon.ca,No,No,No,US,11/09/20,N/A,A2EUQ1WTGCTBG2,N/A,UNKNOWN,Subscription_Renewal,N/A,"Visa-3795,Visa-4484,MasterCard-1157,Visa-2614,Visa-4776",3F2TMFML38O0G2VL18QVA535UFPUU5ED4NMEM1NC7LK976NVD3B0,Delivery Complete,11/09/20,N/A,000-0000000-0000000,Unknown Browser
D01-3640484-8473802,"360 Chaparral Drive SE Calgary CA T2X 3P1","360 Chaparral Drive Calgary CA T2X3P1",N/A,SUCCESS,www.amazon.ca,No,No,No,CA,06/25/20,N/A,A2EUQ1WTGCTBG2,N/A,N/A,N/A,N/A,N/A,KHMO12UMTM8C73QDH8MLSJRBKLPNFB0JUHI474QGT6UU4ECJGDIG,Delivery Complete,06/25/20,N/A,136-3653847-1653013,G0W0T8058456F1NU
D01-1274776-6659445,"360 Chaparral Drive SE Calgary CA T2X 3P1","360 Chaparral Drive Calgary CA T2X3P1",N/A,SUCCESS,www.amazon.ca,No,No,No,CA,04/22/20,N/A,A2EUQ1WTGCTBG2,N/A,UNKNOWN,N/A,N/A,"Visa-3795",PAVFOV1R69SQC2UATUCKFGE4O55K15SF4S0IAQOSHF9FEFC4270G,Delivery Complete,04/22/20,N/A,132-2924383-3433424,131-1693362-5483322
D01-1943043-1289825,"360 Chaparral Drive SE Calgary CA T2X 3P1","360 Chaparral Drive Calgary CA T2X3P1",N/A,SUCCESS,www.amazon.ca,No,No,No,US,11/09/19,N/A,A2EUQ1WTGCTBG2,N/A,UNKNOWN,Subscription_Renewal,N/A,"Visa-3795,Visa-4484,MasterCard-1157,Visa-0195,Visa-2614",T71RK3K0LTRTA2D2A3H9A73HG8OI0DGEEPFT9QFFEN4L37968AN0,Delivery Complete,11/09/19,N/A,000-0000000-0000000,131-1693362-5483322
D01-3542278-8624213,"360 Chaparral Drive SE Calgary CA T2X 3P1","360 Chaparral Drive Calgary CA T2X3P1",N/A,SUCCESS,www.amazon.ca,No,No,No,CA,07/14/19,N/A,A2EUQ1WTGCTBG2,N/A,N/A,N/A,N/A,N/A,KRSE4SMVU79UNMJAF3UHEA9QC7DBUFO9INUP74PROAGQ4KR0SQA0,Delivery Complete,07/14/19,N/A,140-9329755-8903358,G0W0T8058456F1NU
D01-9160900-7453005,"360 Chaparral Drive SE Calgary CA T2X 3P1","360 Chaparral Drive Calgary CA T2X3P1",N/A,SUCCESS,www.amazon.ca,No,No,No,CA,07/14/19,N/A,A2EUQ1WTGCTBG2,N/A,N/A,N/A,N/A,N/A,9JQKAG22M9EQIAO4QN35FDC4JVFAP6TG0UL29OCP2TR1PTR0PH50,Delivery Complete,07/14/19,N/A,136-8820631-3434205,G0W0T8058456F1NU
D01-7538747-3520200,"360 Chaparral Drive SE Calgary CA T2X 3P1","360 Chaparral Drive Calgary CA T2X3P1",N/A,SUCCESS,www.amazon.ca,No,No,No,CA,07/14/19,N/A,A2EUQ1WTGCTBG2,N/A,N/A,N/A,N/A,N/A,M4H0151S120RV1T0IUQAQSDJUAAK4HGRMLVUT16D5NOSN0BINDMG,Delivery Complete,07/14/19,N/A,141-8576619-2771350,G0W0T8058456F1NU
D01-6233507-7440243,"360 Chaparral Drive SE Calgary CA T2X 3P1","360 Chaparral Drive Calgary CA T2X3P1",N/A,SUCCESS,www.amazon.ca,No,No,No,CA,07/14/19,N/A,A2EUQ1WTGCTBG2,N/A,N/A,N/A,N/A,N/A,0G47MBGJL67BMS4J942V6DH8FP34QN4B86DVGOTLA95CMH63VM50,Delivery Complete,07/14/19,N/A,140-5681617-6782226,G0W0T8058456F1NU
D01-9359648-9145840,"360 Chaparral Drive SE Calgary CA T2X 3P1","360 Chaparral Drive Calgary CA T2X3P1",N/A,SUCCESS,www.amazon.ca,No,No,No,US,11/09/18,N/A,A2EUQ1WTGCTBG2,N/A,UNKNOWN,Subscription_Renewal,N/A,"Visa-3795,Visa-4484,MasterCard-3311,Visa-2614",J27HE1TBQMBS35157A37B7JCDQ2DEAIAKGVJE4BHIL2HDHOC3MSG,Delivery Complete,11/09/18,N/A,000-0000000-0000000,163-2352699-7002201
D01-2543700-8899411,"360 Chaparral Drive SE Calgary CA T2X 3P1","360 Chaparral Drive Calgary CA T2X3P1",N/A,SUCCESS,www.amazon.ca,No,No,No,CA,11/17/17,N/A,A2EUQ1WTGCTBG2,N/A,N/A,N/A,N/A,N/A,75QMB0M6S0GBBOUDDF59GVF5KVS2TSR9SJ3TB03A651SKJ3PIKR0,Delivery Complete,11/17/17,N/A,000-0000000-0000000,848faea8ff59472ba5426ce29663f15b
D01-5157650-6579446,"360 Chaparral Drive SE Calgary CA T2X 3P1","360 Chaparral Drive Calgary CA T2X3P1",N/A,SUCCESS,www.amazon.ca,No,No,No,CA,11/04/16,N/A,A2EUQ1WTGCTBG2,N/A,UNKNOWN,N/A,N/A,"Visa-4484",C1VQ6SJQ2K7JSPCQ5QIA1N8REGKL8B0GCVTE90JG593JG7035SJG,Delivery Complete,11/04/16,N/A,185-6227732-4544351,190-9383278-3561635
D01-6990100-8195465,"360 Chaparral Drive SE Calgary CA T2X 3P1","360 Chaparral Drive Calgary CA T2X3P1",N/A,SUCCESS,www.amazon.ca,No,No,No,CA,10/23/16,N/A,A2EUQ1WTGCTBG2,N/A,UNKNOWN,N/A,N/A,"Visa-4484",A6N9287OCPEOHV2FV7R604SAUPPRLAK351I09VEQ1AKPRDDQ4LOG,Delivery Complete,10/23/16,N/A,152-2670950-2423902,175-0321978-3923459
D01-9891003-6253441,"360 Chaparral Drive SE Calgary CA T2X 3P1","360 Chaparral Drive Calgary CA T2X3P1",N/A,SUCCESS,www.amazon.ca,No,No,No,CA,07/12/16,N/A,A2EUQ1WTGCTBG2,N/A,UNKNOWN,N/A,N/A,"Visa-4484",47DCHMRF277H5UFOQCH6NQ2U105BKC14V4R2NU3VFPGTAK2446S0,Delivery Complete,07/12/16,N/A,180-3750779-6699451,175-0321978-3923459
D01-0135405-2488634,"360 Chaparral Drive SE Calgary CA T2X 3P1","360 Chaparral Drive Calgary CA T2X3P1",N/A,SUCCESS,www.amazon.ca,No,No,No,CA,03/31/15,N/A,A2EUQ1WTGCTBG2,N/A,N/A,N/A,N/A,N/A,2B49C0VJK355RJQO8QJBI6P2NEACEFNSP0ROJVDO6713S03TTNQG,Delivery Complete,03/31/15,N/A,181-5490266-9394408,177-2473561-7284631
D01-5787606-5426264,"360 Chaparral Drive SE Calgary CA T2X 3P1","360 Chaparral Drive Calgary CA T2X3P1",N/A,SUCCESS,www.amazon.ca,No,No,No,CA,10/16/14,N/A,A2EUQ1WTGCTBG2,N/A,N/A,N/A,N/A,N/A,P8DLSUFN0UC99UDF20RE803TILUTU6CH9VE3IMB07F7V4OQAH5S0,Delivery Complete,10/16/14,N/A,185-7648539-0588123,182-1262039-7167255
D01-7889635-2275820,"360 Chaparral Drive Calgary CA T2X3P1","360 Chaparral Drive Calgary CA T2X3P1",N/A,SUCCESS,www.amazon.com,No,No,No,N/A,08/28/12,N/A,N/A,N/A,N/A,N/A,N/A,N/A,PQPI2D1KQNPK58VCNK68L25KK2ORNV5D7GBVHRG8VG9BVINDBP90,Delivery Complete,08/28/12,N/A,189-2655220-2090409,183-8287078-5227759
D01-1105919-7677430,"360 Chaparral Drive Calgary CA T2X3P1","360 Chaparral Drive Calgary CA T2X3P1",N/A,SUCCESS,www.amazon.com,No,No,No,N/A,08/17/12,N/A,N/A,N/A,N/A,N/A,N/A,N/A,2FJN4GHCVOE3IITPNH50K3QQCSTI5SSVVR7VBLQ0H5S9DBNV6NIG,Delivery Complete,08/17/12,N/A,189-2655220-2090409,183-8287078-5227759
D01-1241188-6192656,"360 Chaparral Drive Calgary CA T2X3P1","360 Chaparral Drive Calgary CA T2X3P1",N/A,SUCCESS,www.amazon.com,No,No,No,N/A,08/15/12,N/A,N/A,N/A,N/A,N/A,N/A,N/A,1D20F9RV3NL61L0JDHIJEVGE0T9DD1F9LHJ1LANT0AVRPTBB8BMG,Delivery Complete,08/15/12,N/A,175-4825898-6755568,192-6904620-5205831
D01-1514013-6842265,"360 Chaparral Drive Calgary CA T2X3P1","360 Chaparral Drive Calgary CA T2X3P1",N/A,SUCCESS,www.amazon.com,No,No,No,US,06/20/12,N/A,N/A,N/A,N/A,N/A,N/A,N/A,B9NER3U9I0C49SF71OAQRG7LGMA6234LP4I33NS5NNPVTPBK1FA0,Delivery Complete,06/20/12,N/A,181-3317594-8052229,B003B0A2947467A3
D01-5333653-5629434,"360 Chaparral Drive Calgary CA T2X3P1","360 Chaparral Drive Calgary CA T2X3P1",N/A,SUCCESS,www.amazon.com,No,No,No,CA,02/02/12,N/A,N/A,N/A,N/A,N/A,N/A,N/A,52BHL9P4OQV11L19B30NDDDOVB6BE4NHJ1ERLO49IBVRKELU82E0,Delivery Complete,02/02/12,N/A,175-7755382-9387014,B003B0A2947467A3
D01-3824231-9187820,"360 Chaparral Drive Calgary CA T2X3P1","360 Chaparral Drive Calgary CA T2X3P1",N/A,SUCCESS,www.amazon.com,No,No,No,CA,01/30/12,N/A,N/A,N/A,N/A,N/A,N/A,N/A,0A3VN58D5UQ32J9RR2V5U831L4AQ9UKNJKV1D7FJAE6358H46Q60,Delivery Complete,01/30/12,N/A,175-7755382-9387014,B003B0A2947467A3
D01-2595942-4189454,"360 Chaparral Drive Calgary CA T2X3P1","360 Chaparral Drive Calgary CA T2X3P1",N/A,SUCCESS,www.amazon.com,No,No,No,N/A,12/26/11,N/A,N/A,N/A,N/A,N/A,N/A,N/A,38I01T9IH255MTCAFUMOART02QIUNNSMN9DS1BE0KVILPL1J24FG,Delivery Complete,12/26/11,N/A,185-9641111-1428963,184-2439346-0570058
D01-9025146-0573446,"360 Chaparral Drive Calgary CA T2X3P1","360 Chaparral Drive Calgary CA T2X3P1",N/A,SUCCESS,www.amazon.com,No,No,No,N/A,12/25/11,N/A,N/A,N/A,N/A,N/A,N/A,N/A,4TVKMIKCB1LMCTM26HIKDB1J5A49J70TSIH9R5KOM36M06CKE0L0,Delivery Complete,12/25/11,N/A,185-9641111-1428963,184-2439346-0570058
D01-2501694-4112624,"360 Chaparral Drive Calgary CA T2X3P1","360 Chaparral Drive Calgary CA T2X3P1",N/A,SUCCESS,www.amazon.com,No,No,No,N/A,12/25/11,N/A,N/A,N/A,N/A,N/A,N/A,N/A,TPCHE1FTN5905SUA2N4J5M7KFG1HTEH6VGB6DJF234RA6SC5NLQ0,Delivery Complete,12/25/11,N/A,185-9641111-1428963,184-2439346-0570058
D01-4152432-4487057,"360 Chaparral Drive Calgary CA T2X3P1","360 Chaparral Drive Calgary CA T2X3P1",N/A,SUCCESS,www.amazon.com,No,No,No,N/A,12/25/11,N/A,N/A,N/A,N/A,N/A,N/A,N/A,IR81HUIDQDROKU75D16NJ9G64QINT0CB540DTUMD69BKN7OGFOIG,Delivery Complete,12/25/11,N/A,185-9641111-1428963,184-2439346-0570058
D01-8579288-9232668,"360 Chaparral Drive Calgary CA T2X3P1","360 Chaparral Drive Calgary CA T2X3P1",N/A,SUCCESS,www.amazon.com,No,No,No,N/A,12/25/11,N/A,N/A,N/A,N/A,N/A,N/A,N/A,EUBNFV41D793I3J1PBL5PAVMTV10UASIR72IHJJ3150A6O6P6FMG,Delivery Complete,12/25/11,N/A,185-9641111-1428963,184-2439346-0570058
D01-2909908-2995819,"360 Chaparral Drive Calgary CA T2X3P1","360 Chaparral Drive Calgary CA T2X3P1",N/A,SUCCESS,www.amazon.com,No,No,No,N/A,12/25/11,N/A,N/A,N/A,N/A,N/A,N/A,N/A,AIGQINKUK3V1I20CT71P199S81OH7UCN51MCMU7FPVRI8K1MLM0G,Delivery Complete,12/25/11,N/A,185-9641111-1428963,184-2439346-0570058
D01-3737356-2365432,"360 Chaparral Drive Calgary CA T2X3P1","360 Chaparral Drive Calgary CA T2X3P1",N/A,SUCCESS,www.amazon.com,No,No,No,N/A,12/25/11,N/A,N/A,N/A,N/A,N/A,N/A,N/A,M5T3P2DKUKUERR84448LHCTTUP5NSQ4G8RBVEFP9VBD0NT8P8VIG,Delivery Complete,12/25/11,N/A,185-9641111-1428963,184-2439346-0570058
D01-7431077-3082220,"360 Chaparral Drive Calgary CA T2X3P1","360 Chaparral Drive Calgary CA T2X3P1",N/A,SUCCESS,www.amazon.com,No,No,No,N/A,12/25/11,N/A,N/A,N/A,N/A,N/A,N/A,N/A,455VQBFUVBTNPVLO569DS8T1A4H6KIS27STNGJ364T7B1UPT1F40,Delivery Complete,12/25/11,N/A,185-9641111-1428963,184-2439346-0570058
D01-9035329-7315829,"360 Chaparral Drive Calgary CA T2X3P1","360 Chaparral Drive Calgary CA T2X3P1",N/A,CANCELLED_BY_AMAZON,www.amazon.com,No,No,No,CA,11/16/11,N/A,N/A,N/A,N/A,N/A,N/A,N/A,96IC3NB9MRT4Q1PJUDR7R17VJDL8I6VILFPEL9FDV1VFV61KG8FG,Cancelled by Amazon,11/16/11,N/A,186-5873571-1702223,B003B0A2947467A3
D01-8115077-5437400,"360 Chaparral Drive Calgary CA T2X3P1","360 Chaparral Drive Calgary CA T2X3P1",N/A,SUCCESS,www.amazon.com,No,No,No,CA,11/16/11,N/A,N/A,N/A,N/A,N/A,N/A,N/A,B6VRCB3KVCK55J6GF8BOM18AERNR58KIMP6TMFA9V7HFKGCRB680,Delivery Complete,11/16/11,N/A,186-5873571-1702223,B003B0A2947467A3
D01-5147218-3661455,"360 Chaparral Drive Calgary CA T2X3P1","360 Chaparral Drive Calgary CA T2X3P1",N/A,SUCCESS,www.amazon.com,No,No,No,CA,08/02/11,N/A,N/A,N/A,N/A,N/A,N/A,N/A,99P3VFLAS1IE0R6NIJGAUTIOPCE2MHU8KLNAQU9VSUC60H28O63G,Delivery Complete,08/02/11,N/A,187-4647591-3777809,B003B0A2947467A3
D01-3970835-3290209,"360 Chaparral Drive Calgary CA T2X3P1","360 Chaparral Drive Calgary CA T2X3P1",N/A,SUCCESS,www.amazon.com,No,No,No,CA,07/08/11,N/A,N/A,N/A,N/A,N/A,N/A,N/A,IBS5KB6FDUTRRU9RRIAA8BNJCLR65J2BDSH5RPGOJO9BVBRFD3A0,Delivery Complete,07/08/11,N/A,179-1794713-4315028,B003B0A2947467A3
D01-4463201-4451844,"360 Chaparral Drive Calgary CA T2X3P1","360 Chaparral Drive Calgary CA T2X3P1",N/A,SUCCESS,www.amazon.com,No,No,No,N/A,03/28/11,N/A,N/A,N/A,N/A,N/A,N/A,N/A,1MK5KL76ROLMAIGE6UALN3IRMOJ6E03V4L8UNQLETFOA18PU7DNG,Delivery Complete,03/28/11,N/A,187-1138202-7184955,181-1740285-7232524
D01-4148854-8896607,"360 Chaparral Drive Calgary CA T2X3P1","360 Chaparral Drive Calgary CA T2X3P1",N/A,SUCCESS,www.amazon.com,No,No,No,N/A,03/28/11,N/A,N/A,N/A,N/A,N/A,N/A,N/A,PMQMUK2K49AJUL2PAS41KQVVGL1QORQJANKRMTL4T1AQ4CLSKHK0,Delivery Complete,03/28/11,N/A,187-1138202-7184955,181-1740285-7232524
D01-1043094-6112663,"360 Chaparral Drive Calgary CA T2X3P1","360 Chaparral Drive Calgary CA T2X3P1",N/A,SUCCESS,www.amazon.com,No,No,No,N/A,03/28/11,N/A,N/A,N/A,N/A,N/A,N/A,N/A,HJ58E3GFG1SMN2K98NP5P9AOEVGL8J1FMF1KEVFEKE5D3Q0C97I0,Delivery Complete,03/28/11,N/A,187-1138202-7184955,181-1740285-7232524
D01-5217967-8483806,"360 Chaparral Drive Calgary CA T2X3P1","360 Chaparral Drive Calgary CA T2X3P1",N/A,SUCCESS,www.amazon.com,No,No,No,N/A,03/28/11,N/A,N/A,N/A,N/A,N/A,N/A,N/A,LQHJP90FL0SSNQRK0EUOP1RK2V7UGSQQD39SP2V99VVO42GJSTNG,Delivery Complete,03/28/11,N/A,187-1138202-7184955,181-1740285-7232524
D01-7683357-8279010,"360 Chaparral Drive Calgary CA T2X3P1","360 Chaparral Drive Calgary CA T2X3P1",N/A,SUCCESS,www.amazon.com,No,No,No,N/A,03/28/11,N/A,N/A,N/A,N/A,N/A,N/A,N/A,RO7TA0FA59ELPT1ASPGUNC074LV6DPBPIU5PEK15V2RPFGB735Q0,Delivery Complete,03/28/11,N/A,187-1138202-7184955,181-1740285-7232524
D01-1596865-2285409,"360 Chaparral Drive Calgary CA T2X3P1","360 Chaparral Drive Calgary CA T2X3P1",N/A,SUCCESS,www.amazon.com,No,No,No,N/A,03/28/11,N/A,N/A,N/A,N/A,N/A,N/A,N/A,BL3LU5L2KPDL9O83E57865SA0STUMJ7LV7ICL2KJ4HI3CR3CRRG0,Delivery Complete,03/28/11,N/A,187-1138202-7184955,181-1740285-7232524
D01-7661952-2272603,"360 Chaparral Drive Calgary CA T2X3P1","360 Chaparral Drive Calgary CA T2X3P1",N/A,SUCCESS,www.amazon.com,No,No,No,N/A,03/28/11,N/A,N/A,N/A,N/A,N/A,N/A,N/A,EPAE2S0AB8AKI4K19LJVIQEN76NS8AVTGSD5RINHF3EJSINA89UG,Delivery Complete,03/28/11,N/A,187-1138202-7184955,181-1740285-7232524
D01-6235812-3347829,"360 Chaparral Drive Calgary CA T2X3P1","360 Chaparral Drive Calgary CA T2X3P1",N/A,SUCCESS,www.amazon.com,No,No,No,CA,03/18/11,N/A,N/A,N/A,N/A,N/A,N/A,N/A,MFOTBSSN43T45OSV56B3SUVLNHLF6AVI9REIVLHU9D18BD9MGI5G,Delivery Complete,03/18/11,N/A,188-8290822-3032919,B003B0A2947467A3
D01-6888927-1475804,"360 Chaparral Drive Calgary CA T2X3P1","360 Chaparral Drive Calgary CA T2X3P1",N/A,SUCCESS,www.amazon.com,No,No,No,N/A,08/13/10,N/A,N/A,N/A,N/A,N/A,N/A,N/A,K8TC8U50P9C3890NSAK2286O7IDOAUJTAKB81OPKTALPICH3BOM0,Delivery Complete,08/13/10,N/A,190-8319321-3863023,178-5041911-8782365
D01-4950114-3587838,"360 Chaparral Drive Calgary CA T2X3P1","360 Chaparral Drive Calgary CA T2X3P1",N/A,SUCCESS,www.amazon.com,No,No,No,N/A,08/13/10,N/A,N/A,N/A,N/A,N/A,N/A,N/A,T4MARULQAVTSNFQFR86O8KTSJ44R668QLO4BNJAR8MAA6TV0P6P0,Delivery Complete,08/13/10,N/A,190-8319321-3863023,178-5041911-8782365
D01-5587302-7344610,"360 Chaparral Drive Calgary CA T2X3P1","360 Chaparral Drive Calgary CA T2X3P1",N/A,SUCCESS,www.amazon.com,No,No,No,N/A,08/13/10,N/A,N/A,N/A,N/A,N/A,N/A,N/A,GKU36JKH3DHM7HBB12R0DE36JR32A820LVJCEEO9S9JICKMIKS70,Delivery Complete,08/13/10,N/A,190-8319321-3863023,178-5041911-8782365
D01-2612104-4845445,"360 Chaparral Drive Calgary CA T2X3P1","360 Chaparral Drive Calgary CA T2X3P1",N/A,SUCCESS,www.amazon.com,No,No,No,N/A,08/13/10,N/A,N/A,N/A,N/A,N/A,N/A,N/A,U9V9KQTA6D7FSVMKFHA0N4CMBPMM3S3PFAN8SJ1DJQROH2S23J7G,Delivery Complete,08/13/10,N/A,190-8319321-3863023,178-5041911-8782365
D01-5835629-3383036,"360 Chaparral Drive Calgary CA T2X3P1","360 Chaparral Drive Calgary CA T2X3P1",N/A,SUCCESS,www.amazon.com,No,No,No,N/A,08/13/10,N/A,N/A,N/A,N/A,N/A,N/A,N/A,DRI7TG4H5KBPEBF5MO402UFBQK02HO87MH5U711HKM0LLAAJGF6G,Delivery Complete,08/13/10,N/A,190-8319321-3863023,178-5041911-8782365
D01-3096876-8528614,"360 Chaparral Drive Calgary CA T2X3P1","360 Chaparral Drive Calgary CA T2X3P1",N/A,SUCCESS,www.amazon.com,No,No,No,N/A,08/13/10,N/A,N/A,N/A,N/A,N/A,N/A,N/A,30OVJRNQ49G8TJB8OGLUIINM359JQMFRCJ2GESHRG22FTOT2UA9G,Delivery Complete,08/13/10,N/A,190-8319321-3863023,178-5041911-8782365
D01-2571927-1619841,"360 Chaparral Drive Calgary CA T2X3P1","360 Chaparral Drive Calgary CA T2X3P1",N/A,SUCCESS,www.amazon.com,No,No,No,CA,02/11/10,N/A,N/A,N/A,N/A,N/A,N/A,N/A,AFOEP4OFJB3M407R9AI9O57P0M6BVSKARR4T49CQ5TGBL49M71O0,Delivery Complete,02/11/10,N/A,180-3231189-2232766,Kindle Device Browser