﻿OrderId,PaymentCode,PaymentInformation,IsActive,PaymentAmount,BaseCurrencyCode,ForeignExchangeRate,ForeignExchangeCurrencyCode,AmountPaidFromAmazonAccount
D01-1364348-3181040,Credit Card,"Visa-3795",true,N/A,N/A,N/A,N/A,N/A
D01-7455709-6816246,Credit Card,"MasterCard-1157",true,N/A,N/A,N/A,N/A,N/A
D01-7455709-6816246,Credit Card,"Visa-4776",true,N/A,N/A,N/A,N/A,N/A
D01-7455709-6816246,Credit Card,"Visa-3795",true,N/A,N/A,N/A,N/A,N/A
D01-7455709-6816246,Credit Card,"Visa-2614",true,N/A,N/A,N/A,N/A,N/A
D01-7455709-6816246,Credit Card,"Visa-4484",true,N/A,N/A,N/A,N/A,N/A
D01-3640484-8473802,Credit Card,"Visa-3795",true,N/A,N/A,N/A,N/A,N/A
D01-3640484-8473802,Gift Card,N/A,true,N/A,N/A,N/A,N/A,N/A
D01-1274776-6659445,Credit Card,"Visa-3795",true,N/A,N/A,N/A,N/A,N/A
D01-1943043-1289825,Credit Card,"Visa-3795",true,N/A,N/A,N/A,N/A,N/A
D01-1943043-1289825,Credit Card,"MasterCard-1157",true,N/A,N/A,N/A,N/A,N/A
D01-1943043-1289825,Credit Card,"Visa-2614",true,N/A,N/A,N/A,N/A,N/A
D01-1943043-1289825,Credit Card,"Visa-0195",true,N/A,N/A,N/A,N/A,N/A
D01-1943043-1289825,Credit Card,"Visa-4484",true,N/A,N/A,N/A,N/A,N/A
D01-3542278-8624213,Gift Card,N/A,true,N/A,N/A,N/A,N/A,N/A
D01-3542278-8624213,Credit Card,"Visa-3795",true,N/A,N/A,N/A,N/A,N/A
D01-9160900-7453005,Credit Card,"Visa-3795",true,N/A,N/A,N/A,N/A,N/A
D01-9160900-7453005,Gift Card,N/A,true,N/A,N/A,N/A,N/A,N/A
D01-7538747-3520200,Credit Card,"Visa-3795",true,N/A,N/A,N/A,N/A,N/A
D01-7538747-3520200,Gift Card,N/A,true,N/A,N/A,N/A,N/A,N/A
D01-6233507-7440243,Gift Card,N/A,true,N/A,N/A,N/A,N/A,N/A
D01-6233507-7440243,Credit Card,"Visa-3795",true,N/A,N/A,N/A,N/A,N/A
D01-9359648-9145840,Credit Card,"Visa-3795",true,N/A,N/A,N/A,N/A,N/A
D01-9359648-9145840,Credit Card,"MasterCard-3311",true,N/A,N/A,N/A,N/A,N/A
D01-9359648-9145840,Credit Card,"Visa-2614",true,N/A,N/A,N/A,N/A,N/A
D01-9359648-9145840,Credit Card,"Visa-4484",true,N/A,N/A,N/A,N/A,N/A
D01-2543700-8899411,Credit Card,"Visa-4484",true,N/A,N/A,N/A,N/A,N/A
D01-2543700-8899411,Gift Card,N/A,true,N/A,N/A,N/A,N/A,N/A
D01-5157650-6579446,Credit Card,"Visa-4484",true,N/A,N/A,N/A,N/A,N/A
D01-6990100-8195465,Credit Card,"Visa-4484",true,N/A,N/A,N/A,N/A,N/A
D01-9891003-6253441,Credit Card,"Visa-4484",true,N/A,N/A,N/A,N/A,N/A
D01-0135405-2488634,Gift Card,N/A,true,N/A,N/A,N/A,N/A,N/A
D01-0135405-2488634,Credit Card,"Visa-4484",true,N/A,N/A,N/A,N/A,N/A
D01-5787606-5426264,Credit Card,"Visa-4484",true,N/A,N/A,N/A,N/A,N/A
D01-5787606-5426264,Gift Card,N/A,true,N/A,N/A,N/A,N/A,N/A
D01-5787606-5426264,Credit Card,"Visa-4484",true,N/A,N/A,N/A,N/A,N/A
D01-7889635-2275820,Gift Card,"Amazon Pay Balance",true,N/A,N/A,N/A,N/A,N/A
D01-7889635-2275820,Gift Card,N/A,true,N/A,N/A,N/A,N/A,N/A
D01-1105919-7677430,Gift Card,"Amazon Pay Balance",true,N/A,N/A,N/A,N/A,N/A
D01-1105919-7677430,Gift Card,N/A,true,N/A,N/A,N/A,N/A,N/A
D01-1241188-6192656,Gift Card,"Amazon Pay Balance",true,N/A,N/A,N/A,N/A,N/A
D01-1241188-6192656,Gift Card,N/A,true,N/A,N/A,N/A,N/A,N/A
D01-1514013-6842265,Gift Card,"Amazon Pay Balance",true,N/A,N/A,N/A,N/A,N/A
D01-1514013-6842265,Gift Card,N/A,true,N/A,N/A,N/A,N/A,N/A
D01-5333653-5629434,Gift Card,"Amazon Pay Balance",true,N/A,N/A,N/A,N/A,N/A
D01-5333653-5629434,Gift Card,N/A,true,N/A,N/A,N/A,N/A,N/A
D01-3824231-9187820,Gift Card,"Amazon Pay Balance",true,N/A,N/A,N/A,N/A,N/A
D01-3824231-9187820,Gift Card,N/A,true,N/A,N/A,N/A,N/A,N/A
D01-2595942-4189454,Gift Card,"Amazon Pay Balance",true,N/A,N/A,N/A,N/A,N/A
D01-2595942-4189454,Gift Card,N/A,true,N/A,N/A,N/A,N/A,N/A
D01-9025146-0573446,Credit Card,"Visa-4484",true,N/A,N/A,N/A,N/A,N/A
D01-9025146-0573446,Gift Card,N/A,true,N/A,N/A,N/A,N/A,N/A
D01-9025146-0573446,Credit Card,"Visa-4484",true,N/A,N/A,N/A,N/A,N/A
D01-2501694-4112624,Credit Card,"Visa-4484",true,N/A,N/A,N/A,N/A,N/A
D01-2501694-4112624,Credit Card,"Visa-4484",true,N/A,N/A,N/A,N/A,N/A
D01-2501694-4112624,Gift Card,N/A,true,N/A,N/A,N/A,N/A,N/A
D01-4152432-4487057,Gift Card,"Amazon Pay Balance",true,N/A,N/A,N/A,N/A,N/A
D01-4152432-4487057,Gift Card,N/A,true,N/A,N/A,N/A,N/A,N/A
D01-8579288-9232668,Gift Card,"Amazon Pay Balance",true,N/A,N/A,N/A,N/A,N/A
D01-8579288-9232668,Gift Card,N/A,true,N/A,N/A,N/A,N/A,N/A
D01-2909908-2995819,Gift Card,"Amazon Pay Balance",true,N/A,N/A,N/A,N/A,N/A
D01-2909908-2995819,Gift Card,N/A,true,N/A,N/A,N/A,N/A,N/A
D01-3737356-2365432,Gift Card,"Amazon Pay Balance",true,N/A,N/A,N/A,N/A,N/A
D01-3737356-2365432,Gift Card,N/A,true,N/A,N/A,N/A,N/A,N/A
D01-7431077-3082220,Gift Card,"Amazon Pay Balance",true,N/A,N/A,N/A,N/A,N/A
D01-7431077-3082220,Gift Card,N/A,true,N/A,N/A,N/A,N/A,N/A
D01-9035329-7315829,Credit Card,"Visa-7231",true,N/A,N/A,N/A,N/A,N/A
D01-9035329-7315829,Credit Card,"Visa-7231",true,N/A,N/A,N/A,N/A,N/A
D01-9035329-7315829,Gift Card,N/A,true,N/A,N/A,N/A,N/A,N/A
D01-8115077-5437400,Credit Card,"Visa-7231",false,N/A,N/A,N/A,N/A,N/A
D01-8115077-5437400,Credit Card,"Visa-4484",true,N/A,N/A,N/A,N/A,N/A
D01-8115077-5437400,Gift Card,N/A,true,N/A,N/A,N/A,N/A,N/A
D01-8115077-5437400,Credit Card,"Visa-4484",true,N/A,N/A,N/A,N/A,N/A
D01-8115077-5437400,Gift Card,N/A,false,N/A,N/A,N/A,N/A,N/A
D01-8115077-5437400,Credit Card,"Visa-7231",false,N/A,N/A,N/A,N/A,N/A
D01-5147218-3661455,Credit Card,"Visa-4484",true,N/A,N/A,N/A,N/A,N/A
D01-5147218-3661455,Credit Card,"Visa-7231",false,N/A,N/A,N/A,N/A,N/A
D01-5147218-3661455,Gift Card,N/A,false,N/A,N/A,N/A,N/A,N/A
D01-5147218-3661455,Credit Card,"Visa-7231",false,N/A,N/A,N/A,N/A,N/A
D01-5147218-3661455,Credit Card,"Visa-4484",true,N/A,N/A,N/A,N/A,N/A
D01-5147218-3661455,Gift Card,N/A,true,N/A,N/A,N/A,N/A,N/A
D01-3970835-3290209,Credit Card,"Visa-4484",true,N/A,N/A,N/A,N/A,N/A
D01-3970835-3290209,Credit Card,"Visa-7231",false,N/A,N/A,N/A,N/A,N/A
D01-3970835-3290209,Gift Card,N/A,true,N/A,N/A,N/A,N/A,N/A
D01-3970835-3290209,Credit Card,"Visa-4484",true,N/A,N/A,N/A,N/A,N/A
D01-3970835-3290209,Gift Card,N/A,false,N/A,N/A,N/A,N/A,N/A
D01-3970835-3290209,Credit Card,"Visa-7231",false,N/A,N/A,N/A,N/A,N/A
D01-4463201-4451844,Credit Card,"Visa-7231",true,N/A,N/A,N/A,N/A,N/A
D01-4463201-4451844,Credit Card,"Visa-7231",true,N/A,N/A,N/A,N/A,N/A
D01-4463201-4451844,Gift Card,N/A,true,N/A,N/A,N/A,N/A,N/A
D01-4148854-8896607,Credit Card,"Visa-7231",true,N/A,N/A,N/A,N/A,N/A
D01-4148854-8896607,Credit Card,"Visa-7231",true,N/A,N/A,N/A,N/A,N/A
D01-4148854-8896607,Gift Card,N/A,true,N/A,N/A,N/A,N/A,N/A
D01-1043094-6112663,Credit Card,"Visa-7231",true,N/A,N/A,N/A,N/A,N/A
D01-1043094-6112663,Credit Card,"Visa-7231",true,N/A,N/A,N/A,N/A,N/A
D01-1043094-6112663,Gift Card,N/A,true,N/A,N/A,N/A,N/A,N/A
D01-5217967-8483806,Credit Card,"Visa-7231",true,N/A,N/A,N/A,N/A,N/A
D01-5217967-8483806,Gift Card,N/A,true,N/A,N/A,N/A,N/A,N/A
D01-5217967-8483806,Credit Card,"Visa-7231",true,N/A,N/A,N/A,N/A,N/A
D01-7683357-8279010,Credit Card,"Visa-7231",true,N/A,N/A,N/A,N/A,N/A
D01-7683357-8279010,Credit Card,"Visa-7231",true,N/A,N/A,N/A,N/A,N/A
D01-7683357-8279010,Gift Card,N/A,true,N/A,N/A,N/A,N/A,N/A
D01-1596865-2285409,Credit Card,"Visa-7231",true,N/A,N/A,N/A,N/A,N/A
D01-1596865-2285409,Credit Card,"Visa-7231",true,N/A,N/A,N/A,N/A,N/A
D01-1596865-2285409,Gift Card,N/A,true,N/A,N/A,N/A,N/A,N/A
D01-7661952-2272603,Credit Card,"Visa-7231",true,N/A,N/A,N/A,N/A,N/A
D01-7661952-2272603,Credit Card,"Visa-7231",true,N/A,N/A,N/A,N/A,N/A
D01-7661952-2272603,Gift Card,N/A,true,N/A,N/A,N/A,N/A,N/A
D01-6235812-3347829,Credit Card,"Visa-7231",true,N/A,N/A,N/A,N/A,N/A
D01-6235812-3347829,Gift Card,N/A,true,N/A,N/A,N/A,N/A,N/A
D01-6235812-3347829,Credit Card,"Visa-7231",true,N/A,N/A,N/A,N/A,N/A
D01-6888927-1475804,Credit Card,"Visa-7231",true,N/A,N/A,N/A,N/A,N/A
D01-6888927-1475804,Credit Card,"Visa-7231",true,N/A,N/A,N/A,N/A,N/A
D01-6888927-1475804,Gift Card,N/A,true,N/A,N/A,N/A,N/A,N/A
D01-4950114-3587838,Credit Card,"Visa-7231",true,N/A,N/A,N/A,N/A,N/A
D01-4950114-3587838,Credit Card,"Visa-7231",true,N/A,N/A,N/A,N/A,N/A
D01-4950114-3587838,Gift Card,N/A,true,N/A,N/A,N/A,N/A,N/A
D01-5587302-7344610,Credit Card,"Visa-7231",true,N/A,N/A,N/A,N/A,N/A
D01-5587302-7344610,Credit Card,"Visa-7231",true,N/A,N/A,N/A,N/A,N/A
D01-5587302-7344610,Gift Card,N/A,true,N/A,N/A,N/A,N/A,N/A
D01-2612104-4845445,Credit Card,"Visa-7231",true,N/A,N/A,N/A,N/A,N/A
D01-2612104-4845445,Gift Card,N/A,true,N/A,N/A,N/A,N/A,N/A
D01-2612104-4845445,Credit Card,"Visa-7231",true,N/A,N/A,N/A,N/A,N/A
D01-5835629-3383036,Credit Card,"Visa-7231",true,N/A,N/A,N/A,N/A,N/A
D01-5835629-3383036,Credit Card,"Visa-7231",true,N/A,N/A,N/A,N/A,N/A
D01-5835629-3383036,Gift Card,N/A,true,N/A,N/A,N/A,N/A,N/A
D01-3096876-8528614,Credit Card,"Visa-7231",true,N/A,N/A,N/A,N/A,N/A
D01-3096876-8528614,Credit Card,"Visa-7231",true,N/A,N/A,N/A,N/A,N/A
D01-3096876-8528614,Gift Card,N/A,true,N/A,N/A,N/A,N/A,N/A
D01-2571927-1619841,Credit Card,"Visa-7231",true,N/A,N/A,N/A,N/A,N/A
D01-2571927-1619841,Credit Card,"Visa-7231",true,N/A,N/A,N/A,N/A,N/A
D01-2571927-1619841,Gift Card,N/A,true,N/A,N/A,N/A,N/A,N/A