﻿"Marketplace","Order ID","Order Date","Purchase Order Number","Currency","Price","Price Tax","Shipping Charge","Item Subtotal","Item Subtotal Tax","ASIN","Product Condition","Quantity","Payment Instrument Type","Order Status","Shipment Status","Ship Date","Shipping Option","Shipping Address","Billing Address","Carrier Name & Tracking Number","Product Name","Gift Message","Gift Sender Name","Gift Recipient Contact Details"
"Amazon.fr","408-2353495-9645900","2018-12-25 18:15 UTC","","EUR","40","0","0","40","0","B004MYH1YI","New","1","MasterCard - 3311","Closed","Shipped","2018-12-25 18:21 UTC","","","Lisa Easton 360 Chaparral Dr SE Calgary Alberta T2X 3P1 Canada Primary Phone: 4037034522","","Chèque-cadeau Amazon.fr - eChèque-cadeau","","",""
"Amazon.fr","408-7117838-3449162","2019-12-12 05:41 UTC","","EUR","7.17","0.39","0.01","7.17","0.39","1416917055","New","1","Visa - 3795","Closed","Shipped","2019-12-12 22:28 UTC","premium-next-fr","Edward Bornat 27 B Rue Etienne Peroux Escalier B Maisons Laffitte 78600 France Primary Phone: 4037034522","John Easton 360 Chaparral Drive SE Calgary Alberta T2X 3P1 Canada Primary Phone: 403-660-4126","AMZN_FR(CC0024655541)","Aliens Love Underpants!","","",""
"Amazon.fr","408-6275180-4685934","2019-12-12 05:41 UTC","","EUR","7.12","0.39","0.01","7.12","0.39","0954670175","New","1","Visa - 3795","Closed","Shipped","2019-12-12 18:00 UTC","premium-next-fr","Edward Bornat 27 B Rue Etienne Peroux Escalier B Maisons Laffitte 78600 France Primary Phone: 4037034522","John Easton 360 Chaparral Drive SE Calgary Alberta T2X 3P1 Canada Primary Phone: 403-660-4126","AMZN_FR(CC0024633705)","Hamish Mchaggis Edinburgh: And the Edinburgh Adventure","","",""
"Amazon.fr","408-7117838-3449162","2019-12-12 05:41 UTC","","EUR","4.5","0.25","0.01","4.5","0.25","0307105458","New","1","Visa - 3795","Closed","Shipped","2019-12-13 03:28 UTC","premium-next-fr","Edward Bornat 27 B Rue Etienne Peroux Escalier B Maisons Laffitte 78600 France Primary Phone: 4037034522","John Easton 360 Chaparral Drive SE Calgary Alberta T2X 3P1 Canada Primary Phone: 403-660-4126","AMZN_FR(CC0024774983)","Richard Scarry's A Day at the Fire Station","","",""
