﻿OrderId,PaymentCode,PaymentInformation,IsActive,PaymentAmount,BaseCurrencyCode,ForeignExchangeRate,ForeignExchangeCurrencyCode,AmountPaidFromAmazonAccount
D01-1899864-4648601,Credit Card,"Visa-4484",true,N/A,N/A,N/A,N/A,N/A
D01-1899864-4648601,Credit Card,"Visa-2614",true,N/A,N/A,N/A,N/A,N/A
D01-1899864-4648601,Credit Card,"Visa-0195",true,N/A,N/A,N/A,N/A,N/A
D01-1899864-4648601,Credit Card,"MasterCard-1157",true,N/A,N/A,N/A,N/A,N/A
D01-1899864-4648601,Credit Card,"Visa-3795",true,N/A,N/A,N/A,N/A,N/A